DATE,Status
1/6/06,open
2/6/06,open
3/6/06,open
4/6/06,open
5/6/06,open
6/6/06,open
7/6/06,open
8/6/06,open
9/6/06,open
10/6/06,open
11/6/06,open
12/6/06,open
13/6/06,open
14/6/06,open
15/6/06,open
16/6/06,open
17/6/06,open
18/6/06,open
19/6/06,open
20/6/06,open
21/6/06,open
22/6/06,open
23/6/06,open
24/6/06,open
25/6/06,open
26/6/06,open
27/6/06,open
28/6/06,open
29/6/06,open
30/6/06,open
1/7/06,open
2/7/06,open
3/7/06,open
4/7/06,open
5/7/06,open
6/7/06,open
7/7/06,open
8/7/06,open
9/7/06,open
10/7/06,open
11/7/06,open
12/7/06,open
13/7/06,open
14/7/06,open
15/7/06,open
16/7/06,open
17/7/06,open
18/7/06,open
19/7/06,open
20/7/06,open
21/7/06,open
22/7/06,open
23/7/06,open
24/7/06,open
25/7/06,open
26/7/06,open
27/7/06,open
28/7/06,open
29/7/06,open
30/7/06,open
31/7/06,open
1/8/06,open
2/8/06,open
3/8/06,open
4/8/06,open
5/8/06,open
6/8/06,open
7/8/06,open
8/8/06,open
9/8/06,open
10/8/06,open
11/8/06,open
12/8/06,open
13/8/06,open
14/8/06,open
15/8/06,open
16/8/06,open
17/8/06,open
18/8/06,open
19/8/06,open
20/8/06,open
21/8/06,open
22/8/06,open
23/8/06,open
24/8/06,open
25/8/06,open
26/8/06,open
27/8/06,open
28/8/06,open
29/8/06,open
30/8/06,open
31/8/06,open
1/9/06,open
2/9/06,open
3/9/06,open
4/9/06,open
5/9/06,open
6/9/06,open
7/9/06,open
8/9/06,open
9/9/06,open
10/9/06,open
11/9/06,open
12/9/06,open
13/9/06,open
14/9/06,open
15/9/06,open
16/9/06,open
17/9/06,open
18/9/06,open
19/9/06,open
20/9/06,open
21/9/06,open
22/9/06,open
23/9/06,open
24/9/06,open
25/9/06,open
26/9/06,open
27/9/06,open
28/9/06,open
29/9/06,open
30/9/06,open
1/10/06,open
2/10/06,open
3/10/06,open
4/10/06,open
5/10/06,open
6/10/06,open
7/10/06,open
8/10/06,open
9/10/06,open
10/10/06,open
11/10/06,open
12/10/06,open
13/10/06,open
14/10/06,open
15/10/06,open
16/10/06,closed
17/10/06,closed
18/10/06,closed
19/10/06,closed
20/10/06,closed
21/10/06,closed
22/10/06,closed
23/10/06,closed
24/10/06,closed
25/10/06,open
26/10/06,open
27/10/06,open
28/10/06,open
29/10/06,open
30/10/06,open
31/10/06,open
1/11/06,open
2/11/06,open
3/11/06,open
4/11/06,open
5/11/06,open
6/11/06,open
7/11/06,open
8/11/06,open
9/11/06,open
10/11/06,open
11/11/06,open
12/11/06,open
13/11/06,open
14/11/06,closed
15/11/06,closed
16/11/06,closed
17/11/06,closed
18/11/06,closed
19/11/06,closed
20/11/06,closed
21/11/06,closed
22/11/06,closed
23/11/06,open
24/11/06,open
25/11/06,open
26/11/06,open
27/11/06,open
28/11/06,open
29/11/06,open
30/11/06,open
1/12/06,open
2/12/06,open
3/12/06,open
4/12/06,open
5/12/06,open
6/12/06,open
7/12/06,open
8/12/06,open
9/12/06,open
10/12/06,open
11/12/06,open
12/12/06,open
13/12/06,open
14/12/06,closed
15/12/06,closed
16/12/06,closed
17/12/06,closed
18/12/06,closed
19/12/06,closed
20/12/06,closed
21/12/06,closed
22/12/06,closed
23/12/06,open
24/12/06,open
25/12/06,open
26/12/06,open
27/12/06,open
28/12/06,open
29/12/06,open
30/12/06,open
31/12/06,open
1/1/07,open
2/1/07,open
3/1/07,open
4/1/07,open
5/1/07,open
6/1/07,open
7/1/07,open
8/1/07,open
9/1/07,open
10/1/07,open
11/1/07,open
12/1/07,open
13/1/07,open
14/1/07,open
15/1/07,open
16/1/07,open
17/1/07,open
18/1/07,open
19/1/07,open
20/1/07,open
21/1/07,open
22/1/07,open
23/1/07,open
24/1/07,open
25/1/07,open
26/1/07,open
27/1/07,open
28/1/07,open
29/1/07,open
30/1/07,open
31/1/07,open
1/2/07,open
2/2/07,open
3/2/07,open
4/2/07,open
5/2/07,open
6/2/07,open
7/2/07,open
8/2/07,open
9/2/07,open
10/2/07,open
11/2/07,open
12/2/07,open
13/2/07,open
14/2/07,open
15/2/07,open
16/2/07,open
17/2/07,open
18/2/07,open
19/2/07,open
20/2/07,open
21/2/07,open
22/2/07,open
23/2/07,open
24/2/07,open
25/2/07,open
26/2/07,open
27/2/07,open
28/2/07,open
1/3/07,open
2/3/07,open
3/3/07,open
4/3/07,open
5/3/07,open
6/3/07,open
7/3/07,open
8/3/07,open
9/3/07,open
10/3/07,open
11/3/07,open
12/3/07,open
13/3/07,open
14/3/07,open
15/3/07,open
16/3/07,open
17/3/07,open
18/3/07,open
19/3/07,open
20/3/07,open
21/3/07,open
22/3/07,open
23/3/07,open
24/3/07,open
25/3/07,open
26/3/07,open
27/3/07,open
28/3/07,open
29/3/07,open
30/3/07,open
31/3/07,open
1/4/07,open
2/4/07,open
3/4/07,open
4/4/07,open
5/4/07,open
6/4/07,open
7/4/07,open
8/4/07,open
9/4/07,open
10/4/07,open
11/4/07,open
12/4/07,open
13/4/07,open
14/4/07,open
15/4/07,open
16/4/07,open
17/4/07,open
18/4/07,open
19/4/07,open
20/4/07,open
21/4/07,open
22/4/07,open
23/4/07,open
24/4/07,open
25/4/07,open
26/4/07,open
27/4/07,open
28/4/07,open
29/4/07,open
30/4/07,open
1/5/07,open
2/5/07,open
3/5/07,open
4/5/07,open
5/5/07,open
6/5/07,open
7/5/07,open
8/5/07,open
9/5/07,open
10/5/07,open
11/5/07,open
12/5/07,open
13/5/07,open
14/5/07,open
15/5/07,open
16/5/07,open
17/5/07,open
18/5/07,open
19/5/07,open
20/5/07,open
21/5/07,open
22/5/07,open
23/5/07,open
24/5/07,open
25/5/07,open
26/5/07,open
27/5/07,open
28/5/07,open
29/5/07,open
30/5/07,open
31/5/07,open
1/6/07,open
2/6/07,open
3/6/07,open
4/6/07,open
5/6/07,open
6/6/07,open
7/6/07,open
8/6/07,open
9/6/07,open
10/6/07,open
11/6/07,open
12/6/07,open
13/6/07,open
14/6/07,open
15/6/07,open
16/6/07,open
17/6/07,open
18/6/07,open
19/6/07,open
20/6/07,open
21/6/07,open
22/6/07,open
23/6/07,open
24/6/07,open
25/6/07,open
26/6/07,open
27/6/07,open
28/6/07,open
29/6/07,open
30/6/07,open
1/7/07,open
2/7/07,open
3/7/07,open
4/7/07,open
5/7/07,open
6/7/07,open
7/7/07,open
8/7/07,open
9/7/07,open
10/7/07,open
11/7/07,open
12/7/07,open
13/7/07,open
14/7/07,open
15/7/07,open
16/7/07,open
17/7/07,open
18/7/07,open
19/7/07,open
20/7/07,open
21/7/07,open
22/7/07,open
23/7/07,open
24/7/07,open
25/7/07,open
26/7/07,open
27/7/07,open
28/7/07,open
29/7/07,open
30/7/07,open
31/7/07,open
1/8/07,open
2/8/07,open
3/8/07,open
4/8/07,open
5/8/07,open
6/8/07,open
7/8/07,open
8/8/07,open
9/8/07,open
10/8/07,open
11/8/07,open
12/8/07,open
13/8/07,open
14/8/07,open
15/8/07,open
16/8/07,open
17/8/07,open
18/8/07,open
19/8/07,open
20/8/07,open
21/8/07,open
22/8/07,open
23/8/07,open
24/8/07,open
25/8/07,open
26/8/07,open
27/8/07,open
28/8/07,open
29/8/07,open
30/8/07,open
31/8/07,open
1/9/07,open
2/9/07,open
3/9/07,open
4/9/07,open
5/9/07,open
6/9/07,open
7/9/07,open
8/9/07,open
9/9/07,open
10/9/07,open
11/9/07,open
12/9/07,open
13/9/07,open
14/9/07,open
15/9/07,open
16/9/07,open
17/9/07,open
18/9/07,open
19/9/07,open
20/9/07,open
21/9/07,open
22/9/07,open
23/9/07,open
24/9/07,open
25/9/07,open
26/9/07,open
27/9/07,open
28/9/07,open
29/9/07,open
30/9/07,open
1/10/07,open
2/10/07,open
3/10/07,open
4/10/07,open
5/10/07,closed
6/10/07,closed
7/10/07,closed
8/10/07,closed
9/10/07,closed
10/10/07,closed
11/10/07,closed
12/10/07,closed
13/10/07,closed
14/10/07,open
15/10/07,open
16/10/07,open
17/10/07,open
18/10/07,open
19/10/07,open
20/10/07,open
21/10/07,open
22/10/07,open
23/10/07,open
24/10/07,open
25/10/07,open
26/10/07,open
27/10/07,open
28/10/07,open
29/10/07,open
30/10/07,open
31/10/07,open
1/11/07,open
2/11/07,open
3/11/07,closed
4/11/07,closed
5/11/07,closed
6/11/07,closed
7/11/07,closed
8/11/07,closed
9/11/07,closed
10/11/07,closed
11/11/07,closed
12/11/07,open
13/11/07,open
14/11/07,open
15/11/07,open
16/11/07,open
17/11/07,open
18/11/07,open
19/11/07,open
20/11/07,open
21/11/07,open
22/11/07,open
23/11/07,open
24/11/07,open
25/11/07,open
26/11/07,open
27/11/07,open
28/11/07,open
29/11/07,open
30/11/07,open
1/12/07,open
2/12/07,open
3/12/07,closed
4/12/07,closed
5/12/07,closed
6/12/07,closed
7/12/07,closed
8/12/07,closed
9/12/07,closed
10/12/07,closed
11/12/07,closed
12/12/07,open
13/12/07,open
14/12/07,open
15/12/07,open
16/12/07,open
17/12/07,open
18/12/07,open
19/12/07,open
20/12/07,open
21/12/07,open
22/12/07,open
23/12/07,open
24/12/07,open
25/12/07,open
26/12/07,open
27/12/07,open
28/12/07,open
29/12/07,open
30/12/07,open
31/12/07,open
1/1/08,open
2/1/08,open
3/1/08,open
4/1/08,open
5/1/08,open
6/1/08,open
7/1/08,open
8/1/08,open
9/1/08,open
10/1/08,open
11/1/08,open
12/1/08,open
13/1/08,open
14/1/08,open
15/1/08,open
16/1/08,open
17/1/08,open
18/1/08,open
19/1/08,open
20/1/08,open
21/1/08,open
22/1/08,open
23/1/08,open
24/1/08,open
25/1/08,open
26/1/08,open
27/1/08,open
28/1/08,open
29/1/08,open
30/1/08,open
31/1/08,open
1/2/08,open
2/2/08,open
3/2/08,open
4/2/08,open
5/2/08,open
6/2/08,open
7/2/08,open
8/2/08,open
9/2/08,open
10/2/08,open
11/2/08,open
12/2/08,open
13/2/08,open
14/2/08,open
15/2/08,open
16/2/08,open
17/2/08,open
18/2/08,open
19/2/08,open
20/2/08,open
21/2/08,open
22/2/08,open
23/2/08,open
24/2/08,open
25/2/08,open
26/2/08,open
27/2/08,open
28/2/08,open
29/2/08,open
1/3/08,open
2/3/08,open
3/3/08,open
4/3/08,open
5/3/08,open
6/3/08,open
7/3/08,open
8/3/08,open
9/3/08,open
10/3/08,open
11/3/08,open
12/3/08,open
13/3/08,open
14/3/08,open
15/3/08,open
16/3/08,open
17/3/08,open
18/3/08,open
19/3/08,open
20/3/08,open
21/3/08,open
22/3/08,open
23/3/08,open
24/3/08,open
25/3/08,open
26/3/08,open
27/3/08,open
28/3/08,open
29/3/08,open
30/3/08,open
31/3/08,open
1/4/08,open
2/4/08,open
3/4/08,open
4/4/08,open
5/4/08,open
6/4/08,open
7/4/08,open
8/4/08,open
9/4/08,open
10/4/08,open
11/4/08,open
12/4/08,open
13/4/08,open
14/4/08,open
15/4/08,open
16/4/08,open
17/4/08,open
18/4/08,open
19/4/08,open
20/4/08,open
21/4/08,open
22/4/08,open
23/4/08,open
24/4/08,open
25/4/08,open
26/4/08,open
27/4/08,open
28/4/08,open
29/4/08,open
30/4/08,open
1/5/08,open
2/5/08,open
3/5/08,open
4/5/08,open
5/5/08,open
6/5/08,open
7/5/08,open
8/5/08,open
9/5/08,open
10/5/08,open
11/5/08,open
12/5/08,open
13/5/08,open
14/5/08,open
15/5/08,open
16/5/08,open
17/5/08,open
18/5/08,open
19/5/08,open
20/5/08,open
21/5/08,open
22/5/08,open
23/5/08,open
24/5/08,open
25/5/08,open
26/5/08,open
27/5/08,open
28/5/08,open
29/5/08,open
30/5/08,open
31/5/08,open
1/6/08,open
2/6/08,open
3/6/08,open
4/6/08,open
5/6/08,open
6/6/08,open
7/6/08,open
8/6/08,open
9/6/08,open
10/6/08,open
11/6/08,open
12/6/08,open
13/6/08,open
14/6/08,open
15/6/08,open
16/6/08,open
17/6/08,open
18/6/08,open
19/6/08,open
20/6/08,open
21/6/08,open
22/6/08,open
23/6/08,open
24/6/08,open
25/6/08,open
26/6/08,open
27/6/08,open
28/6/08,open
29/6/08,open
30/6/08,open
1/7/08,open
2/7/08,open
3/7/08,open
4/7/08,open
5/7/08,open
6/7/08,open
7/7/08,open
8/7/08,open
9/7/08,open
10/7/08,open
11/7/08,open
12/7/08,open
13/7/08,open
14/7/08,open
15/7/08,open
16/7/08,open
17/7/08,open
18/7/08,open
19/7/08,open
20/7/08,open
21/7/08,open
22/7/08,open
23/7/08,open
24/7/08,open
25/7/08,open
26/7/08,open
27/7/08,open
28/7/08,open
29/7/08,open
30/7/08,open
31/7/08,open
1/8/08,open
2/8/08,open
3/8/08,open
4/8/08,open
5/8/08,open
6/8/08,open
7/8/08,open
8/8/08,open
9/8/08,open
10/8/08,open
11/8/08,open
12/8/08,open
13/8/08,open
14/8/08,open
15/8/08,open
16/8/08,open
17/8/08,open
18/8/08,open
19/8/08,open
20/8/08,open
21/8/08,open
22/8/08,open
23/8/08,open
24/8/08,open
25/8/08,open
26/8/08,open
27/8/08,open
28/8/08,open
29/8/08,open
30/8/08,open
31/8/08,open
1/9/08,open
2/9/08,open
3/9/08,open
4/9/08,open
5/9/08,open
6/9/08,open
7/9/08,open
8/9/08,open
9/9/08,open
10/9/08,open
11/9/08,open
12/9/08,open
13/9/08,open
14/9/08,open
15/9/08,open
16/9/08,open
17/9/08,open
18/9/08,open
19/9/08,open
20/9/08,open
21/9/08,open
22/9/08,open
23/9/08,open
24/9/08,open
25/9/08,open
26/9/08,open
27/9/08,open
28/9/08,open
29/9/08,open
30/9/08,open
1/10/08,open
2/10/08,open
3/10/08,open
4/10/08,open
5/10/08,open
6/10/08,open
7/10/08,open
8/10/08,open
9/10/08,open
10/10/08,open
11/10/08,open
12/10/08,open
13/10/08,open
14/10/08,open
15/10/08,open
16/10/08,open
17/10/08,open
18/10/08,open
19/10/08,open
20/10/08,open
21/10/08,open
22/10/08,closed
23/10/08,closed
24/10/08,closed
25/10/08,closed
26/10/08,closed
27/10/08,closed
28/10/08,closed
29/10/08,closed
30/10/08,closed
31/10/08,open
1/11/08,open
2/11/08,open
3/11/08,open
4/11/08,open
5/11/08,open
6/11/08,open
7/11/08,open
8/11/08,open
9/11/08,open
10/11/08,open
11/11/08,open
12/11/08,open
13/11/08,open
14/11/08,open
15/11/08,open
16/11/08,open
17/11/08,open
18/11/08,open
19/11/08,open
20/11/08,open
21/11/08,closed
22/11/08,closed
23/11/08,closed
24/11/08,closed
25/11/08,closed
26/11/08,closed
27/11/08,closed
28/11/08,closed
29/11/08,closed
30/11/08,open
1/12/08,open
2/12/08,open
3/12/08,open
4/12/08,open
5/12/08,open
6/12/08,open
7/12/08,open
8/12/08,open
9/12/08,open
10/12/08,open
11/12/08,open
12/12/08,open
13/12/08,open
14/12/08,open
15/12/08,open
16/12/08,open
17/12/08,open
18/12/08,open
19/12/08,open
20/12/08,open
21/12/08,closed
22/12/08,closed
23/12/08,closed
24/12/08,closed
25/12/08,closed
26/12/08,closed
27/12/08,closed
28/12/08,closed
29/12/08,closed
30/12/08,open
31/12/08,open
1/1/09,open
2/1/09,open
3/1/09,open
4/1/09,open
5/1/09,open
6/1/09,open
7/1/09,open
8/1/09,open
9/1/09,open
10/1/09,open
11/1/09,open
12/1/09,open
13/1/09,open
14/1/09,open
15/1/09,open
16/1/09,open
17/1/09,open
18/1/09,open
19/1/09,open
20/1/09,open
21/1/09,open
22/1/09,open
23/1/09,open
24/1/09,open
25/1/09,open
26/1/09,open
27/1/09,open
28/1/09,open
29/1/09,open
30/1/09,open
31/1/09,open
1/2/09,open
2/2/09,open
3/2/09,open
4/2/09,open
5/2/09,open
6/2/09,open
7/2/09,open
8/2/09,open
9/2/09,open
10/2/09,open
11/2/09,open
12/2/09,open
13/2/09,open
14/2/09,open
15/2/09,open
16/2/09,open
17/2/09,open
18/2/09,open
19/2/09,open
20/2/09,open
21/2/09,open
22/2/09,open
23/2/09,open
24/2/09,open
25/2/09,open
26/2/09,open
27/2/09,open
28/2/09,open
1/3/09,open
2/3/09,open
3/3/09,open
4/3/09,open
5/3/09,open
6/3/09,open
7/3/09,open
8/3/09,open
9/3/09,open
10/3/09,open
11/3/09,open
12/3/09,open
13/3/09,open
14/3/09,open
15/3/09,open
16/3/09,open
17/3/09,open
18/3/09,open
19/3/09,open
20/3/09,open
21/3/09,open
22/3/09,open
23/3/09,open
24/3/09,open
25/3/09,open
26/3/09,open
27/3/09,open
28/3/09,open
29/3/09,open
30/3/09,open
31/3/09,open
1/4/09,open
2/4/09,open
3/4/09,open
4/4/09,open
5/4/09,open
6/4/09,open
7/4/09,open
8/4/09,open
9/4/09,open
10/4/09,open
11/4/09,open
12/4/09,open
13/4/09,open
14/4/09,open
15/4/09,open
16/4/09,open
17/4/09,open
18/4/09,open
19/4/09,open
20/4/09,open
21/4/09,open
22/4/09,open
23/4/09,open
24/4/09,open
25/4/09,open
26/4/09,open
27/4/09,open
28/4/09,open
29/4/09,open
30/4/09,open
1/5/09,open
2/5/09,open
3/5/09,open
4/5/09,open
5/5/09,open
6/5/09,open
7/5/09,open
8/5/09,open
9/5/09,open
10/5/09,open
11/5/09,open
12/5/09,open
13/5/09,open
14/5/09,open
15/5/09,open
16/5/09,open
17/5/09,open
18/5/09,open
19/5/09,open
20/5/09,open
21/5/09,open
22/5/09,open
23/5/09,open
24/5/09,open
25/5/09,open
26/5/09,open
27/5/09,open
28/5/09,open
29/5/09,open
30/5/09,open
31/5/09,open
1/6/09,open
2/6/09,open
3/6/09,open
4/6/09,open
5/6/09,open
6/6/09,open
7/6/09,open
8/6/09,open
9/6/09,open
10/6/09,open
11/6/09,open
12/6/09,open
13/6/09,open
14/6/09,open
15/6/09,open
16/6/09,open
17/6/09,open
18/6/09,open
19/6/09,open
20/6/09,open
21/6/09,open
22/6/09,open
23/6/09,open
24/6/09,open
25/6/09,open
26/6/09,open
27/6/09,open
28/6/09,open
29/6/09,open
30/6/09,open
1/7/09,open
2/7/09,open
3/7/09,open
4/7/09,open
5/7/09,open
6/7/09,open
7/7/09,open
8/7/09,open
9/7/09,open
10/7/09,open
11/7/09,open
12/7/09,open
13/7/09,open
14/7/09,open
15/7/09,open
16/7/09,open
17/7/09,open
18/7/09,open
19/7/09,open
20/7/09,open
21/7/09,open
22/7/09,open
23/7/09,open
24/7/09,open
25/7/09,open
26/7/09,open
27/7/09,open
28/7/09,open
29/7/09,open
30/7/09,open
31/7/09,open
1/8/09,open
2/8/09,open
3/8/09,open
4/8/09,open
5/8/09,open
6/8/09,open
7/8/09,open
8/8/09,open
9/8/09,open
10/8/09,open
11/8/09,open
12/8/09,open
13/8/09,open
14/8/09,open
15/8/09,open
16/8/09,open
17/8/09,open
18/8/09,open
19/8/09,open
20/8/09,open
21/8/09,open
22/8/09,open
23/8/09,open
24/8/09,open
25/8/09,open
26/8/09,open
27/8/09,open
28/8/09,open
29/8/09,open
30/8/09,open
31/8/09,open
1/9/09,open
2/9/09,open
3/9/09,open
4/9/09,open
5/9/09,open
6/9/09,open
7/9/09,open
8/9/09,open
9/9/09,open
10/9/09,open
11/9/09,open
12/9/09,open
13/9/09,open
14/9/09,open
15/9/09,open
16/9/09,open
17/9/09,open
18/9/09,open
19/9/09,open
20/9/09,open
21/9/09,open
22/9/09,open
23/9/09,open
24/9/09,open
25/9/09,open
26/9/09,open
27/9/09,open
28/9/09,open
29/9/09,open
30/9/09,open
1/10/09,open
2/10/09,open
3/10/09,open
4/10/09,open
5/10/09,open
6/10/09,open
7/10/09,open
8/10/09,open
9/10/09,open
10/10/09,open
11/10/09,open
12/10/09,open
13/10/09,open
14/10/09,open
15/10/09,closed
16/10/09,closed
17/10/09,closed
18/10/09,closed
19/10/09,closed
20/10/09,open
21/10/09,open
22/10/09,open
23/10/09,open
24/10/09,open
25/10/09,open
26/10/09,open
27/10/09,open
28/10/09,open
29/10/09,open
30/10/09,open
31/10/09,open
1/11/09,open
2/11/09,open
3/11/09,open
4/11/09,open
5/11/09,open
6/11/09,open
7/11/09,open
8/11/09,open
9/11/09,open
10/11/09,open
11/11/09,open
12/11/09,open
13/11/09,open
14/11/09,closed
15/11/09,closed
16/11/09,closed
17/11/09,closed
18/11/09,closed
19/11/09,open
20/11/09,open
21/11/09,open
22/11/09,open
23/11/09,open
24/11/09,open
25/11/09,open
26/11/09,open
27/11/09,open
28/11/09,open
29/11/09,open
30/11/09,open
1/12/09,open
2/12/09,open
3/12/09,open
4/12/09,open
5/12/09,open
6/12/09,open
7/12/09,open
8/12/09,open
9/12/09,open
10/12/09,open
11/12/09,open
12/12/09,open
13/12/09,open
14/12/09,open
15/12/09,open
16/12/09,open
17/12/09,open
18/12/09,open
19/12/09,open
20/12/09,open
21/12/09,open
22/12/09,open
23/12/09,open
24/12/09,open
25/12/09,open
26/12/09,open
27/12/09,open
28/12/09,open
29/12/09,open
30/12/09,open
31/12/09,open
1/1/10,open
2/1/10,open
3/1/10,open
4/1/10,open
5/1/10,open
6/1/10,open
7/1/10,open
8/1/10,open
9/1/10,open
10/1/10,open
11/1/10,open
12/1/10,open
13/1/10,open
14/1/10,open
15/1/10,open
16/1/10,open
17/1/10,open
18/1/10,open
19/1/10,open
20/1/10,open
21/1/10,open
22/1/10,open
23/1/10,open
24/1/10,open
25/1/10,open
26/1/10,open
27/1/10,open
28/1/10,open
29/1/10,open
30/1/10,open
31/1/10,open
1/2/10,open
2/2/10,open
3/2/10,open
4/2/10,open
5/2/10,open
6/2/10,open
7/2/10,open
8/2/10,open
9/2/10,open
10/2/10,open
11/2/10,open
12/2/10,open
13/2/10,open
14/2/10,open
15/2/10,open
16/2/10,open
17/2/10,open
18/2/10,open
19/2/10,open
20/2/10,open
21/2/10,open
22/2/10,open
23/2/10,open
24/2/10,open
25/2/10,open
26/2/10,open
27/2/10,open
28/2/10,open
1/3/10,open
2/3/10,open
3/3/10,open
4/3/10,open
5/3/10,open
6/3/10,open
7/3/10,open
8/3/10,open
9/3/10,open
10/3/10,open
11/3/10,open
12/3/10,open
13/3/10,open
14/3/10,open
15/3/10,open
16/3/10,open
17/3/10,open
18/3/10,open
19/3/10,open
20/3/10,open
21/3/10,open
22/3/10,open
23/3/10,open
24/3/10,open
25/3/10,open
26/3/10,open
27/3/10,open
28/3/10,open
29/3/10,open
30/3/10,open
31/3/10,open
1/4/10,open
2/4/10,open
3/4/10,open
4/4/10,open
5/4/10,open
6/4/10,open
7/4/10,open
8/4/10,open
9/4/10,open
10/4/10,open
11/4/10,open
12/4/10,open
13/4/10,open
14/4/10,open
15/4/10,open
16/4/10,open
17/4/10,open
18/4/10,open
19/4/10,open
20/4/10,open
21/4/10,open
22/4/10,open
23/4/10,open
24/4/10,open
25/4/10,open
26/4/10,open
27/4/10,open
28/4/10,open
29/4/10,open
30/4/10,open
1/5/10,open
2/5/10,open
3/5/10,open
4/5/10,open
5/5/10,open
6/5/10,open
7/5/10,open
8/5/10,open
9/5/10,open
10/5/10,open
11/5/10,open
12/5/10,open
13/5/10,open
14/5/10,open
15/5/10,open
16/5/10,open
17/5/10,open
18/5/10,open
19/5/10,open
20/5/10,open
21/5/10,open
22/5/10,open
23/5/10,open
24/5/10,open
25/5/10,open
26/5/10,open
27/5/10,open
28/5/10,open
29/5/10,open
30/5/10,open
31/5/10,open
1/6/10,open
2/6/10,open
3/6/10,open
4/6/10,open
5/6/10,open
6/6/10,open
7/6/10,open
8/6/10,open
9/6/10,open
10/6/10,open
11/6/10,open
12/6/10,open
13/6/10,open
14/6/10,open
15/6/10,open
16/6/10,open
17/6/10,open
18/6/10,open
19/6/10,open
20/6/10,open
21/6/10,open
22/6/10,open
23/6/10,open
24/6/10,open
25/6/10,open
26/6/10,open
27/6/10,open
28/6/10,open
29/6/10,open
30/6/10,open
1/7/10,open
2/7/10,open
3/7/10,open
4/7/10,open
5/7/10,open
6/7/10,open
7/7/10,open
8/7/10,open
9/7/10,open
10/7/10,open
11/7/10,open
12/7/10,open
13/7/10,open
14/7/10,open
15/7/10,open
16/7/10,open
17/7/10,open
18/7/10,open
19/7/10,open
20/7/10,open
21/7/10,open
22/7/10,open
23/7/10,open
24/7/10,open
25/7/10,open
26/7/10,open
27/7/10,open
28/7/10,open
29/7/10,open
30/7/10,open
31/7/10,open
1/8/10,open
2/8/10,open
3/8/10,open
4/8/10,open
5/8/10,open
6/8/10,open
7/8/10,open
8/8/10,open
9/8/10,open
10/8/10,open
11/8/10,open
12/8/10,open
13/8/10,open
14/8/10,open
15/8/10,open
16/8/10,open
17/8/10,open
18/8/10,open
19/8/10,open
20/8/10,open
21/8/10,open
22/8/10,open
23/8/10,open
24/8/10,open
25/8/10,open
26/8/10,open
27/8/10,open
28/8/10,open
29/8/10,open
30/8/10,open
31/8/10,open
1/9/10,open
2/9/10,open
3/9/10,open
4/9/10,open
5/9/10,open
6/9/10,open
7/9/10,open
8/9/10,open
9/9/10,open
10/9/10,open
11/9/10,open
12/9/10,open
13/9/10,open
14/9/10,open
15/9/10,open
16/9/10,open
17/9/10,open
18/9/10,open
19/9/10,open
20/9/10,open
21/9/10,open
22/9/10,open
23/9/10,open
24/9/10,open
25/9/10,open
26/9/10,open
27/9/10,open
28/9/10,open
29/9/10,open
30/9/10,open
1/10/10,open
2/10/10,open
3/10/10,open
4/10/10,open
5/10/10,closed
6/10/10,closed
7/10/10,closed
8/10/10,closed
9/10/10,closed
10/10/10,open
11/10/10,open
12/10/10,open
13/10/10,open
14/10/10,open
15/10/10,open
16/10/10,open
17/10/10,open
18/10/10,open
19/10/10,open
20/10/10,open
21/10/10,open
22/10/10,open
23/10/10,open
24/10/10,open
25/10/10,open
26/10/10,open
27/10/10,open
28/10/10,open
29/10/10,open
30/10/10,open
31/10/10,open
1/11/10,open
2/11/10,open
3/11/10,closed
4/11/10,closed
5/11/10,closed
6/11/10,closed
7/11/10,closed
8/11/10,open
9/11/10,open
10/11/10,open
11/11/10,open
12/11/10,open
13/11/10,open
14/11/10,open
15/11/10,open
16/11/10,open
17/11/10,open
18/11/10,open
19/11/10,open
20/11/10,open
21/11/10,open
22/11/10,open
23/11/10,open
24/11/10,open
25/11/10,open
26/11/10,open
27/11/10,open
28/11/10,open
29/11/10,open
30/11/10,open
1/12/10,open
2/12/10,open
3/12/10,open
4/12/10,open
5/12/10,open
6/12/10,open
7/12/10,open
8/12/10,open
9/12/10,open
10/12/10,open
11/12/10,open
12/12/10,open
13/12/10,open
14/12/10,open
15/12/10,open
16/12/10,open
17/12/10,open
18/12/10,open
19/12/10,open
20/12/10,open
21/12/10,open
22/12/10,open
23/12/10,open
24/12/10,open
25/12/10,open
26/12/10,open
27/12/10,open
28/12/10,open
29/12/10,open
30/12/10,open
31/12/10,open
1/1/11,open
2/1/11,open
3/1/11,open
4/1/11,open
5/1/11,open
6/1/11,open
7/1/11,open
8/1/11,open
9/1/11,open
10/1/11,open
11/1/11,open
12/1/11,open
13/1/11,open
14/1/11,open
15/1/11,open
16/1/11,open
17/1/11,open
18/1/11,open
19/1/11,open
20/1/11,open
21/1/11,open
22/1/11,open
23/1/11,open
24/1/11,open
25/1/11,open
26/1/11,open
27/1/11,open
28/1/11,open
29/1/11,open
30/1/11,open
31/1/11,open
1/2/11,open
2/2/11,open
3/2/11,open
4/2/11,open
5/2/11,open
6/2/11,open
7/2/11,open
8/2/11,open
9/2/11,open
10/2/11,open
11/2/11,open
12/2/11,open
13/2/11,open
14/2/11,open
15/2/11,open
16/2/11,open
17/2/11,open
18/2/11,open
19/2/11,open
20/2/11,open
21/2/11,open
22/2/11,open
23/2/11,open
24/2/11,open
25/2/11,open
26/2/11,open
27/2/11,open
28/2/11,open
1/3/11,open
2/3/11,open
3/3/11,open
4/3/11,open
5/3/11,open
6/3/11,open
7/3/11,open
8/3/11,open
9/3/11,open
10/3/11,open
11/3/11,open
12/3/11,open
13/3/11,open
14/3/11,open
15/3/11,open
16/3/11,open
17/3/11,open
18/3/11,open
19/3/11,open
20/3/11,open
21/3/11,open
22/3/11,open
23/3/11,open
24/3/11,open
25/3/11,open
26/3/11,open
27/3/11,open
28/3/11,open
29/3/11,open
30/3/11,open
31/3/11,open
1/4/11,open
2/4/11,open
3/4/11,open
4/4/11,open
5/4/11,open
6/4/11,open
7/4/11,open
8/4/11,open
9/4/11,open
10/4/11,open
11/4/11,open
12/4/11,open
13/4/11,open
14/4/11,open
15/4/11,open
16/4/11,open
17/4/11,open
18/4/11,open
19/4/11,open
20/4/11,open
21/4/11,open
22/4/11,open
23/4/11,open
24/4/11,open
25/4/11,open
26/4/11,open
27/4/11,open
28/4/11,open
29/4/11,open
30/4/11,open
1/5/11,open
2/5/11,open
3/5/11,open
4/5/11,open
5/5/11,open
6/5/11,open
7/5/11,open
8/5/11,open
9/5/11,open
10/5/11,open
11/5/11,open
12/5/11,open
13/5/11,open
14/5/11,open
15/5/11,open
16/5/11,open
17/5/11,open
18/5/11,open
19/5/11,open
20/5/11,open
21/5/11,open
22/5/11,open
23/5/11,open
24/5/11,open
25/5/11,open
26/5/11,open
27/5/11,open
28/5/11,open
29/5/11,open
30/5/11,open
31/5/11,open
1/6/11,open
2/6/11,open
3/6/11,open
4/6/11,open
5/6/11,open
6/6/11,open
7/6/11,open
8/6/11,open
9/6/11,open
10/6/11,open
11/6/11,open
12/6/11,open
13/6/11,open
14/6/11,open
15/6/11,open
16/6/11,open
17/6/11,open
18/6/11,open
19/6/11,open
20/6/11,open
21/6/11,open
22/6/11,open
23/6/11,open
24/6/11,open
25/6/11,open
26/6/11,open
27/6/11,open
28/6/11,open
29/6/11,open
30/6/11,open
1/7/11,open
2/7/11,open
3/7/11,open
4/7/11,open
5/7/11,open
6/7/11,open
7/7/11,open
8/7/11,open
9/7/11,open
10/7/11,open
11/7/11,open
12/7/11,open
13/7/11,open
14/7/11,open
15/7/11,open
16/7/11,open
17/7/11,open
18/7/11,open
19/7/11,open
20/7/11,open
21/7/11,open
22/7/11,open
23/7/11,open
24/7/11,open
25/7/11,open
26/7/11,open
27/7/11,open
28/7/11,open
29/7/11,open
30/7/11,open
31/7/11,open
1/8/11,open
2/8/11,open
3/8/11,open
4/8/11,open
5/8/11,open
6/8/11,open
7/8/11,open
8/8/11,open
9/8/11,open
10/8/11,open
11/8/11,open
12/8/11,open
13/8/11,open
14/8/11,open
15/8/11,open
16/8/11,open
17/8/11,open
18/8/11,open
19/8/11,open
20/8/11,open
21/8/11,open
22/8/11,open
23/8/11,open
24/8/11,open
25/8/11,open
26/8/11,open
27/8/11,open
28/8/11,open
29/8/11,open
30/8/11,open
31/8/11,open
1/9/11,open
2/9/11,open
3/9/11,open
4/9/11,open
5/9/11,open
6/9/11,open
7/9/11,open
8/9/11,open
9/9/11,open
10/9/11,open
11/9/11,open
12/9/11,open
13/9/11,open
14/9/11,open
15/9/11,open
16/9/11,open
17/9/11,open
18/9/11,open
19/9/11,open
20/9/11,open
21/9/11,open
22/9/11,open
23/9/11,open
24/9/11,open
25/9/11,open
26/9/11,open
27/9/11,open
28/9/11,open
29/9/11,open
30/9/11,open
1/10/11,open
2/10/11,open
3/10/11,open
4/10/11,open
5/10/11,open
6/10/11,open
7/10/11,open
8/10/11,open
9/10/11,open
10/10/11,open
11/10/11,open
12/10/11,open
13/10/11,open
14/10/11,open
15/10/11,open
16/10/11,open
17/10/11,open
18/10/11,open
19/10/11,open
20/10/11,open
21/10/11,open
22/10/11,open
23/10/11,open
24/10/11,closed
25/10/11,closed
26/10/11,closed
27/10/11,closed
28/10/11,closed
29/10/11,open
30/10/11,open
31/10/11,open
1/11/11,open
2/11/11,open
3/11/11,open
4/11/11,open
5/11/11,open
6/11/11,open
7/11/11,open
8/11/11,open
9/11/11,open
10/11/11,open
11/11/11,open
12/11/11,open
13/11/11,open
14/11/11,open
15/11/11,open
16/11/11,open
17/11/11,open
18/11/11,open
19/11/11,open
20/11/11,open
21/11/11,open
22/11/11,closed
23/11/11,closed
24/11/11,closed
25/11/11,closed
26/11/11,closed
27/11/11,open
28/11/11,open
29/11/11,open
30/11/11,open
1/12/11,open
2/12/11,open
3/12/11,open
4/12/11,open
5/12/11,open
6/12/11,open
7/12/11,open
8/12/11,open
9/12/11,open
10/12/11,open
11/12/11,open
12/12/11,open
13/12/11,open
14/12/11,open
15/12/11,open
16/12/11,open
17/12/11,open
18/12/11,open
19/12/11,open
20/12/11,open
21/12/11,open
22/12/11,open
23/12/11,open
24/12/11,open
25/12/11,open
26/12/11,open
27/12/11,open
28/12/11,open
29/12/11,open
30/12/11,open
31/12/11,open
1/1/12,open
2/1/12,open
3/1/12,open
4/1/12,open
5/1/12,open
6/1/12,open
7/1/12,open
8/1/12,open
9/1/12,open
10/1/12,open
11/1/12,open
12/1/12,open
13/1/12,open
14/1/12,open
15/1/12,open
16/1/12,open
17/1/12,open
18/1/12,open
19/1/12,open
20/1/12,open
21/1/12,open
22/1/12,open
23/1/12,open
24/1/12,open
25/1/12,open
26/1/12,open
27/1/12,open
28/1/12,open
29/1/12,open
30/1/12,open
31/1/12,open
1/2/12,open
2/2/12,open
3/2/12,open
4/2/12,open
5/2/12,open
6/2/12,open
7/2/12,open
8/2/12,open
9/2/12,open
10/2/12,open
11/2/12,open
12/2/12,open
13/2/12,open
14/2/12,open
15/2/12,open
16/2/12,open
17/2/12,open
18/2/12,open
19/2/12,open
20/2/12,open
21/2/12,open
22/2/12,open
23/2/12,open
24/2/12,open
25/2/12,open
26/2/12,open
27/2/12,open
28/2/12,open
29/2/12,open
1/3/12,open
2/3/12,open
3/3/12,open
4/3/12,open
5/3/12,open
6/3/12,open
7/3/12,open
8/3/12,open
9/3/12,open
10/3/12,open
11/3/12,open
12/3/12,open
13/3/12,open
14/3/12,open
15/3/12,open
16/3/12,open
17/3/12,open
18/3/12,open
19/3/12,open
20/3/12,open
21/3/12,open
22/3/12,open
23/3/12,open
24/3/12,open
25/3/12,open
26/3/12,open
27/3/12,open
28/3/12,open
29/3/12,open
30/3/12,open
31/3/12,open
1/4/12,open
2/4/12,open
3/4/12,open
4/4/12,open
5/4/12,open
6/4/12,open
7/4/12,open
8/4/12,open
9/4/12,open
10/4/12,open
11/4/12,open
12/4/12,open
13/4/12,open
14/4/12,open
15/4/12,open
16/4/12,open
17/4/12,open
18/4/12,open
19/4/12,open
20/4/12,open
21/4/12,open
22/4/12,open
23/4/12,open
24/4/12,open
25/4/12,open
26/4/12,open
27/4/12,open
28/4/12,open
29/4/12,open
30/4/12,open
1/5/12,open
2/5/12,open
3/5/12,open
4/5/12,open
5/5/12,open
6/5/12,open
7/5/12,open
8/5/12,open
9/5/12,open
10/5/12,open
11/5/12,open
12/5/12,open
13/5/12,open
14/5/12,open
15/5/12,open
16/5/12,open
17/5/12,open
18/5/12,open
19/5/12,open
20/5/12,open
21/5/12,open
22/5/12,open
23/5/12,open
24/5/12,open
25/5/12,open
26/5/12,open
27/5/12,open
28/5/12,open
29/5/12,open
30/5/12,open
31/5/12,open
1/6/12,open
2/6/12,open
3/6/12,open
4/6/12,open
5/6/12,open
6/6/12,open
7/6/12,open
8/6/12,open
9/6/12,open
10/6/12,open
11/6/12,open
12/6/12,open
13/6/12,open
14/6/12,open
15/6/12,open
16/6/12,open
17/6/12,open
18/6/12,open
19/6/12,open
20/6/12,open
21/6/12,open
22/6/12,open
23/6/12,open
24/6/12,open
25/6/12,open
26/6/12,open
27/6/12,open
28/6/12,open
29/6/12,open
30/6/12,open
1/7/12,open
2/7/12,open
3/7/12,open
4/7/12,open
5/7/12,open
6/7/12,open
7/7/12,open
8/7/12,open
9/7/12,open
10/7/12,open
11/7/12,open
12/7/12,open
13/7/12,open
14/7/12,open
15/7/12,open
16/7/12,open
17/7/12,open
18/7/12,open
19/7/12,open
20/7/12,open
21/7/12,open
22/7/12,open
23/7/12,open
24/7/12,open
25/7/12,open
26/7/12,open
27/7/12,open
28/7/12,open
29/7/12,open
30/7/12,open
31/7/12,open
1/8/12,open
2/8/12,open
3/8/12,open
4/8/12,open
5/8/12,open
6/8/12,open
7/8/12,open
8/8/12,open
9/8/12,open
10/8/12,open
11/8/12,open
12/8/12,open
13/8/12,open
14/8/12,open
15/8/12,open
16/8/12,open
17/8/12,open
18/8/12,open
19/8/12,open
20/8/12,open
21/8/12,open
22/8/12,open
23/8/12,open
24/8/12,open
25/8/12,open
26/8/12,open
27/8/12,open
28/8/12,open
29/8/12,open
30/8/12,open
31/8/12,open
1/9/12,open
2/9/12,open
3/9/12,open
4/9/12,open
5/9/12,open
6/9/12,open
7/9/12,open
8/9/12,open
9/9/12,open
10/9/12,open
11/9/12,open
12/9/12,open
13/9/12,open
14/9/12,open
15/9/12,open
16/9/12,open
17/9/12,open
18/9/12,open
19/9/12,open
20/9/12,open
21/9/12,open
22/9/12,open
23/9/12,open
24/9/12,open
25/9/12,open
26/9/12,open
27/9/12,open
28/9/12,open
29/9/12,open
30/9/12,open
1/10/12,open
2/10/12,open
3/10/12,open
4/10/12,open
5/10/12,open
6/10/12,open
7/10/12,open
8/10/12,open
9/10/12,open
10/10/12,open
11/10/12,open
12/10/12,closed
13/10/12,closed
14/10/12,closed
15/10/12,closed
16/10/12,closed
17/10/12,open
18/10/12,open
19/10/12,open
20/10/12,open
21/10/12,open
22/10/12,open
23/10/12,open
24/10/12,open
25/10/12,open
26/10/12,open
27/10/12,open
28/10/12,open
29/10/12,open
30/10/12,open
31/10/12,open
1/11/12,open
2/11/12,open
3/11/12,open
4/11/12,open
5/11/12,open
6/11/12,open
7/11/12,open
8/11/12,open
9/11/12,open
10/11/12,open
11/11/12,closed
12/11/12,closed
13/11/12,closed
14/11/12,closed
15/11/12,closed
16/11/12,open
17/11/12,open
18/11/12,open
19/11/12,open
20/11/12,open
21/11/12,open
22/11/12,open
23/11/12,open
24/11/12,open
25/11/12,open
26/11/12,open
27/11/12,open
28/11/12,open
29/11/12,open
30/11/12,open
1/12/12,open
2/12/12,open
3/12/12,open
4/12/12,open
5/12/12,open
6/12/12,open
7/12/12,open
8/12/12,open
9/12/12,open
10/12/12,open
11/12/12,open
12/12/12,open
13/12/12,open
14/12/12,open
15/12/12,open
16/12/12,open
17/12/12,open
18/12/12,open
19/12/12,open
20/12/12,open
21/12/12,open
22/12/12,open
23/12/12,open
24/12/12,open
25/12/12,open
26/12/12,open
27/12/12,open
28/12/12,open
29/12/12,open
30/12/12,open
31/12/12,open
1/1/13,open
2/1/13,open
3/1/13,open
4/1/13,open
5/1/13,open
6/1/13,open
7/1/13,open
8/1/13,open
9/1/13,open
10/1/13,open
11/1/13,open
12/1/13,open
13/1/13,open
14/1/13,open
15/1/13,open
16/1/13,open
17/1/13,open
18/1/13,open
19/1/13,open
20/1/13,open
21/1/13,open
22/1/13,open
23/1/13,open
24/1/13,open
25/1/13,open
26/1/13,open
27/1/13,open
28/1/13,open
29/1/13,open
30/1/13,open
31/1/13,open
1/2/13,open
2/2/13,open
3/2/13,open
4/2/13,open
5/2/13,open
6/2/13,open
7/2/13,open
8/2/13,open
9/2/13,open
10/2/13,open
11/2/13,open
12/2/13,open
13/2/13,open
14/2/13,open
15/2/13,open
16/2/13,open
17/2/13,open
18/2/13,open
19/2/13,open
20/2/13,open
21/2/13,open
22/2/13,open
23/2/13,open
24/2/13,open
25/2/13,open
26/2/13,open
27/2/13,open
28/2/13,open
1/3/13,open
2/3/13,open
3/3/13,open
4/3/13,open
5/3/13,open
6/3/13,open
7/3/13,open
8/3/13,open
9/3/13,open
10/3/13,open
11/3/13,open
12/3/13,open
13/3/13,open
14/3/13,open
15/3/13,open
16/3/13,open
17/3/13,open
18/3/13,open
19/3/13,open
20/3/13,open
21/3/13,open
22/3/13,open
23/3/13,open
24/3/13,open
25/3/13,open
26/3/13,open
27/3/13,open
28/3/13,open
29/3/13,open
30/3/13,open
31/3/13,open
1/4/13,open
2/4/13,open
3/4/13,open
4/4/13,open
5/4/13,open
6/4/13,open
7/4/13,open
8/4/13,open
9/4/13,open
10/4/13,open
11/4/13,open
12/4/13,open
13/4/13,open
14/4/13,open
15/4/13,open
16/4/13,open
17/4/13,open
18/4/13,open
19/4/13,open
20/4/13,open
21/4/13,open
22/4/13,open
23/4/13,open
24/4/13,open
25/4/13,open
26/4/13,open
27/4/13,open
28/4/13,open
29/4/13,open
30/4/13,open
1/5/13,open
2/5/13,open
3/5/13,open
4/5/13,open
5/5/13,open
6/5/13,open
7/5/13,open
8/5/13,open
9/5/13,open
10/5/13,open
11/5/13,open
12/5/13,open
13/5/13,open
14/5/13,open
15/5/13,open
16/5/13,open
17/5/13,open
18/5/13,open
19/5/13,open
20/5/13,open
21/5/13,open
22/5/13,open
23/5/13,open
24/5/13,open
25/5/13,open
26/5/13,open
27/5/13,open
28/5/13,open
29/5/13,open
30/5/13,open
31/5/13,open
1/6/13,open
2/6/13,open
3/6/13,open
4/6/13,open
5/6/13,open
6/6/13,open
7/6/13,open
8/6/13,open
9/6/13,open
10/6/13,open
11/6/13,open
12/6/13,open
13/6/13,open
14/6/13,open
15/6/13,open
16/6/13,open
17/6/13,open
18/6/13,open
19/6/13,open
20/6/13,open
21/6/13,open
22/6/13,open
23/6/13,open
24/6/13,open
25/6/13,open
26/6/13,open
27/6/13,open
28/6/13,open
29/6/13,open
30/6/13,open
1/7/13,open
2/7/13,open
3/7/13,open
4/7/13,open
5/7/13,open
6/7/13,open
7/7/13,open
8/7/13,open
9/7/13,open
10/7/13,open
11/7/13,open
12/7/13,open
13/7/13,open
14/7/13,open
15/7/13,open
16/7/13,open
17/7/13,open
18/7/13,open
19/7/13,open
20/7/13,open
21/7/13,open
22/7/13,open
23/7/13,open
24/7/13,open
25/7/13,open
26/7/13,open
27/7/13,open
28/7/13,open
29/7/13,open
30/7/13,open
31/7/13,open
1/8/13,open
2/8/13,open
3/8/13,open
4/8/13,open
5/8/13,open
6/8/13,open
7/8/13,open
8/8/13,open
9/8/13,open
10/8/13,open
11/8/13,open
12/8/13,open
13/8/13,open
14/8/13,open
15/8/13,open
16/8/13,open
17/8/13,open
18/8/13,open
19/8/13,open
20/8/13,open
21/8/13,open
22/8/13,open
23/8/13,open
24/8/13,open
25/8/13,open
26/8/13,open
27/8/13,open
28/8/13,open
29/8/13,open
30/8/13,open
31/8/13,open
1/9/13,open
2/9/13,open
3/9/13,open
4/9/13,open
5/9/13,open
6/9/13,open
7/9/13,open
8/9/13,open
9/9/13,open
10/9/13,open
11/9/13,open
12/9/13,open
13/9/13,open
14/9/13,open
15/9/13,open
16/9/13,open
17/9/13,open
18/9/13,open
19/9/13,open
20/9/13,open
21/9/13,open
22/9/13,open
23/9/13,open
24/9/13,open
25/9/13,open
26/9/13,open
27/9/13,open
28/9/13,open
29/9/13,open
30/9/13,open
1/10/13,open
2/10/13,closed
3/10/13,closed
4/10/13,closed
5/10/13,closed
6/10/13,closed
7/10/13,open
8/10/13,open
9/10/13,open
10/10/13,open
11/10/13,open
12/10/13,open
13/10/13,open
14/10/13,open
15/10/13,open
16/10/13,open
17/10/13,open
18/10/13,open
19/10/13,open
20/10/13,open
21/10/13,open
22/10/13,open
23/10/13,open
24/10/13,open
25/10/13,open
26/10/13,open
27/10/13,open
28/10/13,open
29/10/13,open
30/10/13,open
31/10/13,closed
1/11/13,closed
2/11/13,closed
3/11/13,closed
4/11/13,closed
5/11/13,open
6/11/13,open
7/11/13,open
8/11/13,open
9/11/13,open
10/11/13,open
11/11/13,open
12/11/13,open
13/11/13,open
14/11/13,open
15/11/13,open
16/11/13,open
17/11/13,open
18/11/13,open
19/11/13,open
20/11/13,open
21/11/13,open
22/11/13,open
23/11/13,open
24/11/13,open
25/11/13,open
26/11/13,open
27/11/13,open
28/11/13,open
29/11/13,open
30/11/13,open
1/12/13,open
2/12/13,open
3/12/13,open
4/12/13,open
5/12/13,open
6/12/13,open
7/12/13,open
8/12/13,open
9/12/13,open
10/12/13,open
11/12/13,open
12/12/13,open
13/12/13,open
14/12/13,open
15/12/13,open
16/12/13,open
17/12/13,open
18/12/13,open
19/12/13,open
20/12/13,open
21/12/13,open
22/12/13,open
23/12/13,open
24/12/13,open
25/12/13,open
26/12/13,open
27/12/13,open
28/12/13,open
29/12/13,open
30/12/13,open
31/12/13,open
1/1/14,open
2/1/14,open
3/1/14,open
4/1/14,open
5/1/14,open
6/1/14,open
7/1/14,open
8/1/14,open
9/1/14,open
10/1/14,open
11/1/14,open
12/1/14,open
13/1/14,open
14/1/14,open
15/1/14,open
16/1/14,open
17/1/14,open
18/1/14,open
19/1/14,open
20/1/14,open
21/1/14,open
22/1/14,open
23/1/14,open
24/1/14,open
25/1/14,open
26/1/14,open
27/1/14,open
28/1/14,open
29/1/14,open
30/1/14,open
31/1/14,open
1/2/14,open
2/2/14,open
3/2/14,open
4/2/14,open
5/2/14,open
6/2/14,open
7/2/14,open
8/2/14,open
9/2/14,open
10/2/14,open
11/2/14,open
12/2/14,open
13/2/14,open
14/2/14,open
15/2/14,open
16/2/14,open
17/2/14,open
18/2/14,open
19/2/14,open
20/2/14,open
21/2/14,open
22/2/14,open
23/2/14,open
24/2/14,open
25/2/14,open
26/2/14,open
27/2/14,open
28/2/14,open
1/3/14,open
2/3/14,open
3/3/14,open
4/3/14,open
5/3/14,open
6/3/14,open
7/3/14,open
8/3/14,open
9/3/14,open
10/3/14,open
11/3/14,open
12/3/14,open
13/3/14,open
14/3/14,open
15/3/14,open
16/3/14,open
17/3/14,open
18/3/14,open
19/3/14,open
20/3/14,open
21/3/14,open
22/3/14,open
23/3/14,open
24/3/14,open
25/3/14,open
26/3/14,open
27/3/14,open
28/3/14,open
29/3/14,open
30/3/14,open
31/3/14,open
1/4/14,open
2/4/14,open
3/4/14,open
4/4/14,open
5/4/14,open
6/4/14,open
7/4/14,open
8/4/14,open
9/4/14,open
10/4/14,open
11/4/14,open
12/4/14,open
13/4/14,open
14/4/14,open
15/4/14,open
16/4/14,open
17/4/14,open
18/4/14,open
19/4/14,open
20/4/14,open
21/4/14,open
22/4/14,open
23/4/14,open
24/4/14,open
25/4/14,open
26/4/14,open
27/4/14,open
28/4/14,open
29/4/14,open
30/4/14,open
1/5/14,open
2/5/14,open
3/5/14,open
4/5/14,open
5/5/14,open
6/5/14,open
7/5/14,open
8/5/14,open
9/5/14,open
10/5/14,open
11/5/14,open
12/5/14,open
13/5/14,open
14/5/14,open
15/5/14,open
16/5/14,open
17/5/14,open
18/5/14,open
19/5/14,open
20/5/14,open
21/5/14,open
22/5/14,open
23/5/14,open
24/5/14,open
25/5/14,open
26/5/14,open
27/5/14,open
28/5/14,open
29/5/14,open
30/5/14,open
31/5/14,open
1/6/14,open
2/6/14,open
3/6/14,open
4/6/14,open
5/6/14,open
6/6/14,open
7/6/14,open
8/6/14,open
9/6/14,open
10/6/14,open
11/6/14,open
12/6/14,open
13/6/14,open
14/6/14,open
15/6/14,open
16/6/14,open
17/6/14,open
18/6/14,open
19/6/14,open
20/6/14,open
21/6/14,open
22/6/14,open
23/6/14,open
24/6/14,open
25/6/14,open
26/6/14,open
27/6/14,open
28/6/14,open
29/6/14,open
30/6/14,open
1/7/14,open
2/7/14,open
3/7/14,open
4/7/14,open
5/7/14,open
6/7/14,open
7/7/14,open
8/7/14,open
9/7/14,open
10/7/14,open
11/7/14,open
12/7/14,open
13/7/14,open
14/7/14,open
15/7/14,open
16/7/14,open
17/7/14,open
18/7/14,open
19/7/14,open
20/7/14,open
21/7/14,open
22/7/14,open
23/7/14,open
24/7/14,open
25/7/14,open
26/7/14,open
27/7/14,open
28/7/14,open
29/7/14,open
30/7/14,open
31/7/14,open
1/8/14,open
2/8/14,open
3/8/14,open
4/8/14,open
5/8/14,open
6/8/14,open
7/8/14,open
8/8/14,open
9/8/14,open
10/8/14,open
11/8/14,open
12/8/14,open
13/8/14,open
14/8/14,open
15/8/14,open
16/8/14,open
17/8/14,open
18/8/14,open
19/8/14,open
20/8/14,open
21/8/14,open
22/8/14,open
23/8/14,open
24/8/14,open
25/8/14,open
26/8/14,open
27/8/14,open
28/8/14,open
29/8/14,open
30/8/14,open
31/8/14,open
1/9/14,open
2/9/14,open
3/9/14,open
4/9/14,open
5/9/14,open
6/9/14,open
7/9/14,open
8/9/14,open
9/9/14,open
10/9/14,open
11/9/14,open
12/9/14,open
13/9/14,open
14/9/14,open
15/9/14,open
16/9/14,open
17/9/14,open
18/9/14,open
19/9/14,open
20/9/14,open
21/9/14,open
22/9/14,open
23/9/14,open
24/9/14,open
25/9/14,open
26/9/14,open
27/9/14,open
28/9/14,open
29/9/14,open
30/9/14,open
1/10/14,open
2/10/14,open
3/10/14,open
4/10/14,open
5/10/14,open
6/10/14,open
7/10/14,open
8/10/14,open
9/10/14,open
10/10/14,open
11/10/14,open
12/10/14,open
13/10/14,open
14/10/14,open
15/10/14,open
16/10/14,open
17/10/14,open
18/10/14,open
19/10/14,open
20/10/14,open
21/10/14,closed
22/10/14,closed
23/10/14,closed
24/10/14,closed
25/10/14,closed
26/10/14,open
27/10/14,open
28/10/14,open
29/10/14,open
30/10/14,open
31/10/14,open
1/11/14,open
2/11/14,open
3/11/14,open
4/11/14,open
5/11/14,open
6/11/14,open
7/11/14,open
8/11/14,open
9/11/14,open
10/11/14,open
11/11/14,open
12/11/14,open
13/11/14,open
14/11/14,open
15/11/14,open
16/11/14,open
17/11/14,open
18/11/14,open
19/11/14,closed
20/11/14,closed
21/11/14,closed
22/11/14,closed
23/11/14,closed
24/11/14,open
25/11/14,open
26/11/14,open
27/11/14,open
28/11/14,open
29/11/14,open
30/11/14,open
1/12/14,open
2/12/14,open
3/12/14,open
4/12/14,open
5/12/14,open
6/12/14,open
7/12/14,open
8/12/14,open
9/12/14,open
10/12/14,open
11/12/14,open
12/12/14,open
13/12/14,open
14/12/14,open
15/12/14,open
16/12/14,open
17/12/14,open
18/12/14,open
19/12/14,open
20/12/14,open
21/12/14,open
22/12/14,open
23/12/14,open
24/12/14,open
25/12/14,open
26/12/14,open
27/12/14,open
28/12/14,open
29/12/14,open
30/12/14,open
31/12/14,open
1/1/15,open
2/1/15,open
3/1/15,open
4/1/15,open
5/1/15,open
6/1/15,open
7/1/15,open
8/1/15,open
9/1/15,open
10/1/15,open
11/1/15,open
12/1/15,open
13/1/15,open
14/1/15,open
15/1/15,open
16/1/15,open
17/1/15,open
18/1/15,open
19/1/15,open
20/1/15,open
21/1/15,open
22/1/15,open
23/1/15,open
24/1/15,open
25/1/15,open
26/1/15,open
27/1/15,open
28/1/15,open
29/1/15,open
30/1/15,open
31/1/15,open
1/2/15,open
2/2/15,open
3/2/15,open
4/2/15,open
5/2/15,open
6/2/15,open
7/2/15,open
8/2/15,open
9/2/15,open
10/2/15,open
11/2/15,open
12/2/15,open
13/2/15,open
14/2/15,open
15/2/15,open
16/2/15,open
17/2/15,open
18/2/15,open
19/2/15,open
20/2/15,open
21/2/15,open
22/2/15,open
23/2/15,open
24/2/15,open
25/2/15,open
26/2/15,open
27/2/15,open
28/2/15,open
1/3/15,open
2/3/15,open
3/3/15,open
4/3/15,open
5/3/15,open
6/3/15,open
7/3/15,open
8/3/15,open
9/3/15,open
10/3/15,open
11/3/15,open
12/3/15,open
13/3/15,open
14/3/15,open
15/3/15,open
16/3/15,open
17/3/15,open
18/3/15,open
19/3/15,open
20/3/15,open
21/3/15,open
22/3/15,open
23/3/15,open
24/3/15,open
25/3/15,open
26/3/15,open
27/3/15,open
28/3/15,open
29/3/15,open
30/3/15,open
31/3/15,open
1/4/15,open
2/4/15,open
3/4/15,open
4/4/15,open
5/4/15,open
6/4/15,open
7/4/15,open
8/4/15,open
9/4/15,open
10/4/15,open
11/4/15,open
12/4/15,open
13/4/15,open
14/4/15,open
15/4/15,open
16/4/15,open
17/4/15,open
18/4/15,open
19/4/15,open
20/4/15,open
21/4/15,open
22/4/15,open
23/4/15,open
24/4/15,open
25/4/15,open
26/4/15,open
27/4/15,open
28/4/15,open
29/4/15,open
30/4/15,open
1/5/15,open
2/5/15,open
3/5/15,open
4/5/15,open
5/5/15,open
6/5/15,open
7/5/15,open
8/5/15,open
9/5/15,open
10/5/15,open
11/5/15,open
12/5/15,open
13/5/15,open
14/5/15,open
15/5/15,open
16/5/15,open
17/5/15,open
18/5/15,open
19/5/15,open
20/5/15,open
21/5/15,open
22/5/15,open
23/5/15,open
24/5/15,open
25/5/15,open
26/5/15,open
27/5/15,open
28/5/15,open
29/5/15,open
30/5/15,open
31/5/15,open
1/6/15,open
2/6/15,open
3/6/15,open
4/6/15,open
5/6/15,open
6/6/15,open
7/6/15,open
8/6/15,open
9/6/15,open
10/6/15,open
11/6/15,open
12/6/15,open
13/6/15,open
14/6/15,open
15/6/15,open
16/6/15,open
17/6/15,open
18/6/15,open
19/6/15,open
20/6/15,open
21/6/15,open
22/6/15,open
23/6/15,open
24/6/15,open
25/6/15,open
26/6/15,open
27/6/15,open
28/6/15,open
29/6/15,open
30/6/15,open
1/7/15,open
2/7/15,open
3/7/15,open
4/7/15,open
5/7/15,open
6/7/15,open
7/7/15,open
8/7/15,open
9/7/15,open
10/7/15,open
11/7/15,open
12/7/15,open
13/7/15,open
14/7/15,open
15/7/15,open
16/7/15,open
17/7/15,open
18/7/15,open
19/7/15,open
20/7/15,open
21/7/15,open
22/7/15,open
23/7/15,open
24/7/15,open
25/7/15,open
26/7/15,open
27/7/15,open
28/7/15,open
29/7/15,open
30/7/15,open
31/7/15,open
1/8/15,open
2/8/15,open
3/8/15,open
4/8/15,open
5/8/15,open
6/8/15,open
7/8/15,open
8/8/15,open
9/8/15,open
10/8/15,open
11/8/15,open
12/8/15,open
13/8/15,open
14/8/15,open
15/8/15,open
16/8/15,open
17/8/15,open
18/8/15,open
19/8/15,open
20/8/15,open
21/8/15,open
22/8/15,open
23/8/15,open
24/8/15,open
25/8/15,open
26/8/15,open
27/8/15,open
28/8/15,open
29/8/15,open
30/8/15,open
31/8/15,open
1/9/15,open
2/9/15,open
3/9/15,open
4/9/15,open
5/9/15,open
6/9/15,open
7/9/15,open
8/9/15,open
9/9/15,open
10/9/15,open
11/9/15,open
12/9/15,open
13/9/15,open
14/9/15,open
15/9/15,open
16/9/15,open
17/9/15,open
18/9/15,open
19/9/15,open
20/9/15,open
21/9/15,open
22/9/15,open
23/9/15,open
24/9/15,open
25/9/15,open
26/9/15,open
27/9/15,open
28/9/15,open
29/9/15,open
30/9/15,open
1/10/15,open
2/10/15,open
3/10/15,open
4/10/15,open
5/10/15,open
6/10/15,open
7/10/15,open
8/10/15,open
9/10/15,open
10/10/15,closed
11/10/15,closed
12/10/15,closed
13/10/15,closed
14/10/15,closed
15/10/15,open
16/10/15,open
17/10/15,open
18/10/15,open
19/10/15,open
20/10/15,open
21/10/15,open
22/10/15,open
23/10/15,open
24/10/15,open
25/10/15,open
26/10/15,open
27/10/15,open
28/10/15,open
29/10/15,open
30/10/15,open
31/10/15,open
1/11/15,open
2/11/15,open
3/11/15,open
4/11/15,open
5/11/15,open
6/11/15,open
7/11/15,open
8/11/15,open
9/11/15,closed
10/11/15,closed
11/11/15,closed
12/11/15,closed
13/11/15,closed
14/11/15,open
15/11/15,open
16/11/15,open
17/11/15,open
18/11/15,open
19/11/15,open
20/11/15,open
21/11/15,open
22/11/15,open
23/11/15,open
24/11/15,open
25/11/15,open
26/11/15,open
27/11/15,open
28/11/15,open
29/11/15,open
30/11/15,open
1/12/15,open
2/12/15,open
3/12/15,open
4/12/15,open
5/12/15,open
6/12/15,open
7/12/15,open
8/12/15,open
9/12/15,open
10/12/15,open
11/12/15,open
12/12/15,open
13/12/15,open
14/12/15,open
15/12/15,open
16/12/15,open
17/12/15,open
18/12/15,open
19/12/15,open
20/12/15,open
21/12/15,open
22/12/15,open
23/12/15,open
24/12/15,open
25/12/15,open
26/12/15,open
27/12/15,open
28/12/15,open
29/12/15,open
30/12/15,open
31/12/15,open
1/1/16,open
2/1/16,open
3/1/16,open
4/1/16,open
5/1/16,open
6/1/16,open
7/1/16,open
8/1/16,open
9/1/16,open
10/1/16,open
11/1/16,open
12/1/16,open
13/1/16,open
14/1/16,open
15/1/16,open
16/1/16,open
17/1/16,open
18/1/16,open
19/1/16,open
20/1/16,open
21/1/16,open
22/1/16,open
23/1/16,open
24/1/16,open
25/1/16,open
26/1/16,open
27/1/16,open
28/1/16,open
29/1/16,open
30/1/16,open
31/1/16,open
1/2/16,open
2/2/16,open
3/2/16,open
4/2/16,open
5/2/16,open
6/2/16,open
7/2/16,open
8/2/16,open
9/2/16,open
10/2/16,open
11/2/16,open
12/2/16,open
13/2/16,open
14/2/16,open
15/2/16,open
16/2/16,open
17/2/16,open
18/2/16,open
19/2/16,open
20/2/16,open
21/2/16,open
22/2/16,open
23/2/16,open
24/2/16,open
25/2/16,open
26/2/16,open
27/2/16,open
28/2/16,open
29/2/16,open
1/3/16,open
2/3/16,open
3/3/16,open
4/3/16,open
5/3/16,open
6/3/16,open
7/3/16,open
8/3/16,open
9/3/16,open
10/3/16,open
11/3/16,open
12/3/16,open
13/3/16,open
14/3/16,open
15/3/16,open
16/3/16,open
17/3/16,open
18/3/16,open
19/3/16,open
20/3/16,open
21/3/16,open
22/3/16,open
23/3/16,open
24/3/16,open
25/3/16,open
26/3/16,open
27/3/16,open
28/3/16,open
29/3/16,open
30/3/16,open
31/3/16,open
1/4/16,open
2/4/16,open
3/4/16,open
4/4/16,open
5/4/16,open
6/4/16,open
7/4/16,open
8/4/16,open
9/4/16,open
10/4/16,open
11/4/16,open
12/4/16,open
13/4/16,open
14/4/16,open
15/4/16,open
16/4/16,open
17/4/16,open
18/4/16,open
19/4/16,open
20/4/16,open
21/4/16,open
22/4/16,open
23/4/16,open
24/4/16,open
25/4/16,open
26/4/16,open
27/4/16,open
28/4/16,open
29/4/16,open
30/4/16,open
1/5/16,open
2/5/16,open
3/5/16,open
4/5/16,open
5/5/16,open
6/5/16,open
7/5/16,open
8/5/16,open
9/5/16,open
10/5/16,open
11/5/16,open
12/5/16,open
13/5/16,open
14/5/16,open
15/5/16,open
16/5/16,open
17/5/16,open
18/5/16,open
19/5/16,open
20/5/16,open
21/5/16,open
22/5/16,open
23/5/16,open
24/5/16,open
25/5/16,open
26/5/16,open
27/5/16,open
28/5/16,open
29/5/16,open
30/5/16,open
31/5/16,open
1/6/16,open
2/6/16,open
3/6/16,open
4/6/16,open
5/6/16,open
6/6/16,open
7/6/16,open
8/6/16,open
9/6/16,open
10/6/16,open
11/6/16,open
12/6/16,open
13/6/16,open
14/6/16,open
15/6/16,open
16/6/16,open
17/6/16,open
18/6/16,open
19/6/16,open
20/6/16,open
21/6/16,open
22/6/16,open
23/6/16,open
24/6/16,open
25/6/16,open
26/6/16,open
27/6/16,open
28/6/16,open
29/6/16,open
30/6/16,open
1/7/16,open
2/7/16,open
3/7/16,open
4/7/16,open
5/7/16,open
6/7/16,open
7/7/16,open
8/7/16,open
9/7/16,open
10/7/16,open
11/7/16,open
12/7/16,open
13/7/16,open
14/7/16,open
15/7/16,open
16/7/16,open
17/7/16,open
18/7/16,open
19/7/16,open
20/7/16,open
21/7/16,open
22/7/16,open
23/7/16,open
24/7/16,open
25/7/16,open
26/7/16,open
27/7/16,open
28/7/16,open
29/7/16,open
30/7/16,open
31/7/16,open
1/8/16,open
2/8/16,open
3/8/16,open
4/8/16,open
5/8/16,open
6/8/16,open
7/8/16,open
8/8/16,open
9/8/16,open
10/8/16,open
11/8/16,open
12/8/16,open
13/8/16,open
14/8/16,open
15/8/16,open
16/8/16,open
17/8/16,open
18/8/16,open
19/8/16,open
20/8/16,open
21/8/16,open
22/8/16,open
23/8/16,open
24/8/16,open
25/8/16,open
26/8/16,open
27/8/16,open
28/8/16,open
29/8/16,open
30/8/16,open
31/8/16,open
1/9/16,open
2/9/16,open
3/9/16,open
4/9/16,open
5/9/16,open
6/9/16,open
7/9/16,open
8/9/16,open
9/9/16,open
10/9/16,open
11/9/16,open
12/9/16,open
13/9/16,open
14/9/16,open
15/9/16,open
16/9/16,open
17/9/16,open
18/9/16,open
19/9/16,open
20/9/16,open
21/9/16,open
22/9/16,open
23/9/16,open
24/9/16,open
25/9/16,open
26/9/16,open
27/9/16,open
28/9/16,open
29/9/16,open
30/9/16,open
1/10/16,open
2/10/16,open
3/10/16,open
4/10/16,open
5/10/16,open
6/10/16,open
7/10/16,open
8/10/16,open
9/10/16,open
10/10/16,open
11/10/16,open
12/10/16,open
13/10/16,open
14/10/16,open
15/10/16,open
16/10/16,open
17/10/16,open
18/10/16,open
19/10/16,open
20/10/16,open
21/10/16,open
22/10/16,open
23/10/16,open
24/10/16,open
25/10/16,open
26/10/16,open
27/10/16,open
28/10/16,closed
29/10/16,closed
30/10/16,closed
31/10/16,closed
1/11/16,closed
2/11/16,open
3/11/16,open
4/11/16,open
5/11/16,open
6/11/16,open
7/11/16,open
8/11/16,open
9/11/16,open
10/11/16,open
11/11/16,open
12/11/16,open
13/11/16,open
14/11/16,open
15/11/16,open
16/11/16,open
17/11/16,open
18/11/16,open
19/11/16,open
20/11/16,open
21/11/16,open
22/11/16,open
23/11/16,open
24/11/16,open
25/11/16,open
26/11/16,closed
27/11/16,closed
28/11/16,closed
29/11/16,closed
30/11/16,closed
1/12/16,open
2/12/16,open
3/12/16,open
4/12/16,open
5/12/16,open
6/12/16,open
7/12/16,open
8/12/16,open
9/12/16,open
10/12/16,open
11/12/16,open
12/12/16,open
13/12/16,open
14/12/16,open
15/12/16,open
16/12/16,open
17/12/16,open
18/12/16,open
19/12/16,open
20/12/16,open
21/12/16,open
22/12/16,open
23/12/16,open
24/12/16,open
25/12/16,open
26/12/16,open
27/12/16,open
28/12/16,open
29/12/16,open
30/12/16,open
31/12/16,open
1/1/17,open
2/1/17,open
3/1/17,open
4/1/17,open
5/1/17,open
6/1/17,open
7/1/17,open
8/1/17,open
9/1/17,open
10/1/17,open
11/1/17,open
12/1/17,open
13/1/17,open
14/1/17,open
15/1/17,open
16/1/17,open
17/1/17,open
18/1/17,open
19/1/17,open
20/1/17,open
21/1/17,open
22/1/17,open
23/1/17,open
24/1/17,open
25/1/17,open
26/1/17,open
27/1/17,open
28/1/17,open
29/1/17,open
30/1/17,open
31/1/17,open
1/2/17,open
2/2/17,open
3/2/17,open
4/2/17,open
5/2/17,open
6/2/17,open
7/2/17,open
8/2/17,open
9/2/17,open
10/2/17,open
11/2/17,open
12/2/17,open
13/2/17,open
14/2/17,open
15/2/17,open
16/2/17,open
17/2/17,open
18/2/17,open
19/2/17,open
20/2/17,open
21/2/17,open
22/2/17,open
23/2/17,open
24/2/17,open
25/2/17,open
26/2/17,open
27/2/17,open
28/2/17,open
1/3/17,open
2/3/17,open
3/3/17,open
4/3/17,open
5/3/17,open
6/3/17,open
7/3/17,open
8/3/17,open
9/3/17,open
10/3/17,open
11/3/17,open
12/3/17,open
13/3/17,open
14/3/17,open
15/3/17,open
16/3/17,open
17/3/17,open
18/3/17,open
19/3/17,open
20/3/17,open
21/3/17,open
22/3/17,open
23/3/17,open
24/3/17,open
25/3/17,open
26/3/17,open
27/3/17,open
28/3/17,open
29/3/17,open
30/3/17,open
31/3/17,open
1/4/17,open
2/4/17,open
3/4/17,open
4/4/17,open
5/4/17,open
6/4/17,open
7/4/17,open
8/4/17,open
9/4/17,open
10/4/17,open
11/4/17,open
12/4/17,open
13/4/17,open
14/4/17,open
15/4/17,open
16/4/17,open
17/4/17,open
18/4/17,open
19/4/17,open
20/4/17,open
21/4/17,open
22/4/17,open
23/4/17,open
24/4/17,open
25/4/17,open
26/4/17,open
27/4/17,open
28/4/17,open
29/4/17,open
30/4/17,open
1/5/17,open
2/5/17,open
3/5/17,open
4/5/17,open
5/5/17,open
6/5/17,open
7/5/17,open
8/5/17,open
9/5/17,open
10/5/17,open
11/5/17,open
12/5/17,open
13/5/17,open
14/5/17,open
15/5/17,open
16/5/17,open
17/5/17,open
18/5/17,open
19/5/17,open
20/5/17,open
21/5/17,open
22/5/17,open
23/5/17,open
24/5/17,open
25/5/17,open
26/5/17,open
27/5/17,open
28/5/17,open
29/5/17,open
30/5/17,open
31/5/17,open
1/6/17,open
2/6/17,open
3/6/17,open
4/6/17,open
5/6/17,open
6/6/17,open
7/6/17,open
8/6/17,open
9/6/17,open
10/6/17,open
11/6/17,open
12/6/17,open
13/6/17,open
14/6/17,open
15/6/17,open
16/6/17,open
17/6/17,open
18/6/17,open
19/6/17,open
20/6/17,open
21/6/17,open
22/6/17,open
23/6/17,open
24/6/17,open
25/6/17,open
26/6/17,open
27/6/17,open
28/6/17,open
29/6/17,open
30/6/17,open
1/7/17,open
2/7/17,open
3/7/17,open
4/7/17,open
5/7/17,open
6/7/17,open
7/7/17,open
8/7/17,open
9/7/17,open
10/7/17,open
11/7/17,open
12/7/17,open
13/7/17,open
14/7/17,open
15/7/17,open
16/7/17,open
17/7/17,open
18/7/17,open
19/7/17,open
20/7/17,open
21/7/17,open
22/7/17,open
23/7/17,open
24/7/17,open
25/7/17,open
26/7/17,open
27/7/17,open
28/7/17,open
29/7/17,open
30/7/17,open
31/7/17,open
1/8/17,open
2/8/17,open
3/8/17,open
4/8/17,open
5/8/17,open
6/8/17,open
7/8/17,open
8/8/17,open
9/8/17,open
10/8/17,open
11/8/17,open
12/8/17,open
13/8/17,open
14/8/17,open
15/8/17,open
16/8/17,open
17/8/17,open
18/8/17,open
19/8/17,open
20/8/17,open
21/8/17,open
22/8/17,open
23/8/17,open
24/8/17,open
25/8/17,open
26/8/17,open
27/8/17,open
28/8/17,open
29/8/17,open
30/8/17,open
31/8/17,open
1/9/17,open
2/9/17,open
3/9/17,open
4/9/17,open
5/9/17,open
6/9/17,open
7/9/17,open
8/9/17,open
9/9/17,open
10/9/17,open
11/9/17,open
12/9/17,open
13/9/17,open
14/9/17,open
15/9/17,open
16/9/17,open
17/9/17,open
18/9/17,open
19/9/17,open
20/9/17,open
21/9/17,open
22/9/17,open
23/9/17,open
24/9/17,open
25/9/17,open
26/9/17,open
27/9/17,open
28/9/17,open
29/9/17,open
30/9/17,open
1/10/17,open
2/10/17,open
3/10/17,open
4/10/17,open
5/10/17,open
6/10/17,open
7/10/17,open
8/10/17,open
9/10/17,open
10/10/17,open
11/10/17,open
12/10/17,open
13/10/17,open
14/10/17,open
15/10/17,open
16/10/17,open
17/10/17,closed
18/10/17,closed
19/10/17,closed
20/10/17,closed
21/10/17,closed
22/10/17,open
23/10/17,open
24/10/17,open
25/10/17,open
26/10/17,open
27/10/17,open
28/10/17,open
29/10/17,open
30/10/17,open
31/10/17,open
1/11/17,open
2/11/17,open
3/11/17,open
4/11/17,open
5/11/17,open
6/11/17,open
7/11/17,open
8/11/17,open
9/11/17,open
10/11/17,open
11/11/17,open
12/11/17,open
13/11/17,open
14/11/17,open
15/11/17,closed
16/11/17,closed
17/11/17,closed
18/11/17,closed
19/11/17,closed
20/11/17,open
21/11/17,open
22/11/17,open
23/11/17,open
24/11/17,open
25/11/17,open
26/11/17,open
27/11/17,open
28/11/17,open
29/11/17,open
30/11/17,open
1/12/17,open
2/12/17,open
3/12/17,open
4/12/17,open
5/12/17,open
6/12/17,open
7/12/17,open
8/12/17,open
9/12/17,open
10/12/17,open
11/12/17,open
12/12/17,open
13/12/17,open
14/12/17,open
15/12/17,open
16/12/17,open
17/12/17,open
18/12/17,open
19/12/17,open
20/12/17,open
21/12/17,open
22/12/17,open
23/12/17,open
24/12/17,open
25/12/17,open
26/12/17,open
27/12/17,open
28/12/17,open
29/12/17,open
30/12/17,open
31/12/17,open
1/1/18,open
2/1/18,open
3/1/18,open
4/1/18,open
5/1/18,open
6/1/18,open
7/1/18,open
8/1/18,open
9/1/18,open
10/1/18,open
11/1/18,open
12/1/18,open
13/1/18,open
14/1/18,open
15/1/18,open
16/1/18,open
17/1/18,open
18/1/18,open
19/1/18,open
20/1/18,open
21/1/18,open
22/1/18,open
23/1/18,open
24/1/18,open
25/1/18,open
26/1/18,open
27/1/18,open
28/1/18,open
29/1/18,open
30/1/18,open
31/1/18,open
1/2/18,open
2/2/18,open
3/2/18,open
4/2/18,open
5/2/18,open
6/2/18,open
7/2/18,open
8/2/18,open
9/2/18,open
10/2/18,open
11/2/18,open
12/2/18,open
13/2/18,open
14/2/18,open
15/2/18,open
16/2/18,open
17/2/18,open
18/2/18,open
19/2/18,open
20/2/18,open
21/2/18,open
22/2/18,open
23/2/18,open
24/2/18,open
25/2/18,open
26/2/18,open
27/2/18,open
28/2/18,open
1/3/18,open
2/3/18,open
3/3/18,open
4/3/18,open
5/3/18,open
6/3/18,open
7/3/18,open
8/3/18,open
9/3/18,open
10/3/18,open
11/3/18,open
12/3/18,open
13/3/18,open
14/3/18,open
15/3/18,open
16/3/18,open
17/3/18,open
18/3/18,open
19/3/18,open
20/3/18,open
21/3/18,open
22/3/18,open
23/3/18,open
24/3/18,open
25/3/18,open
26/3/18,open
27/3/18,open
28/3/18,open
29/3/18,open
30/3/18,open
31/3/18,open
1/4/18,open
2/4/18,open
3/4/18,open
4/4/18,open
5/4/18,open
6/4/18,open
7/4/18,open
8/4/18,open
9/4/18,open
10/4/18,open
11/4/18,open
12/4/18,open
13/4/18,open
14/4/18,open
15/4/18,open
16/4/18,open
17/4/18,open
18/4/18,open
19/4/18,open
20/4/18,open
21/4/18,open
22/4/18,open
23/4/18,open
24/4/18,open
25/4/18,open
26/4/18,open
27/4/18,open
28/4/18,open
29/4/18,open
30/4/18,open
1/5/18,open
2/5/18,open
3/5/18,open
4/5/18,open
5/5/18,open
6/5/18,open
7/5/18,open
8/5/18,open
9/5/18,open
10/5/18,open
11/5/18,open
12/5/18,open
13/5/18,open
14/5/18,open
15/5/18,open
16/5/18,open
17/5/18,open
18/5/18,open
19/5/18,open
20/5/18,open
21/5/18,open
22/5/18,open
23/5/18,open
24/5/18,open
25/5/18,open
26/5/18,open
27/5/18,open
28/5/18,open
29/5/18,open
30/5/18,open
31/5/18,open
1/6/18,open
2/6/18,open
3/6/18,open
4/6/18,open
5/6/18,open
6/6/18,open
7/6/18,open
8/6/18,open
9/6/18,open
10/6/18,open
11/6/18,open
12/6/18,open
13/6/18,open
14/6/18,open
15/6/18,open
16/6/18,open
17/6/18,open
18/6/18,open
19/6/18,open
20/6/18,open
21/6/18,open
22/6/18,open
23/6/18,open
24/6/18,open
25/6/18,open
26/6/18,open
27/6/18,open
28/6/18,open
29/6/18,open
30/6/18,open
1/7/18,open
2/7/18,open
3/7/18,open
4/7/18,open
5/7/18,open
6/7/18,open
7/7/18,open
8/7/18,open
9/7/18,open
10/7/18,open
11/7/18,open
12/7/18,open
13/7/18,open
14/7/18,open
15/7/18,open
16/7/18,open
17/7/18,open
18/7/18,open
19/7/18,open
20/7/18,open
21/7/18,open
22/7/18,open
23/7/18,open
24/7/18,open
25/7/18,open
26/7/18,open
27/7/18,open
28/7/18,open
29/7/18,open
30/7/18,open
31/7/18,open
1/8/18,open
2/8/18,open
3/8/18,open
4/8/18,open
5/8/18,open
6/8/18,open
7/8/18,open
8/8/18,open
9/8/18,open
10/8/18,open
11/8/18,open
12/8/18,open
13/8/18,open
14/8/18,open
15/8/18,open
16/8/18,open
17/8/18,open
18/8/18,open
19/8/18,open
20/8/18,open
21/8/18,open
22/8/18,open
23/8/18,open
24/8/18,open
25/8/18,open
26/8/18,open
27/8/18,open
28/8/18,open
29/8/18,open
30/8/18,open
31/8/18,open
1/9/18,open
2/9/18,open
3/9/18,open
4/9/18,open
5/9/18,open
6/9/18,open
7/9/18,open
8/9/18,open
9/9/18,open
10/9/18,open
11/9/18,open
12/9/18,open
13/9/18,open
14/9/18,open
15/9/18,open
16/9/18,open
17/9/18,open
18/9/18,open
19/9/18,open
20/9/18,open
21/9/18,open
22/9/18,open
23/9/18,open
24/9/18,open
25/9/18,open
26/9/18,open
27/9/18,open
28/9/18,open
29/9/18,open
30/9/18,open
1/10/18,open
2/10/18,open
3/10/18,open
4/10/18,open
5/10/18,open
6/10/18,closed
7/10/18,closed
8/10/18,closed
9/10/18,closed
10/10/18,closed
11/10/18,open
12/10/18,open
13/10/18,open
14/10/18,open
15/10/18,open
16/10/18,open
17/10/18,open
18/10/18,open
19/10/18,open
20/10/18,open
21/10/18,open
22/10/18,open
23/10/18,open
24/10/18,open
25/10/18,open
26/10/18,open
27/10/18,open
28/10/18,open
29/10/18,open
30/10/18,open
31/10/18,open
1/11/18,open
2/11/18,open
3/11/18,open
4/11/18,open
5/11/18,closed
6/11/18,closed
7/11/18,closed
8/11/18,closed
9/11/18,closed
10/11/18,open
11/11/18,open
12/11/18,open
13/11/18,open
14/11/18,open
15/11/18,open
16/11/18,open
17/11/18,open
18/11/18,open
19/11/18,open
20/11/18,open
21/11/18,open
22/11/18,open
23/11/18,open
24/11/18,open
25/11/18,open
26/11/18,open
27/11/18,open
28/11/18,open
29/11/18,open
30/11/18,open
1/12/18,open
2/12/18,open
3/12/18,open
4/12/18,open
5/12/18,open
6/12/18,open
7/12/18,open
8/12/18,open
9/12/18,open
10/12/18,open
11/12/18,open
12/12/18,open
13/12/18,open
14/12/18,open
15/12/18,open
16/12/18,open
17/12/18,open
18/12/18,open
19/12/18,open
20/12/18,open
21/12/18,open
22/12/18,open
23/12/18,open
24/12/18,open
25/12/18,open
26/12/18,open
27/12/18,open
28/12/18,open
29/12/18,open
30/12/18,open
31/12/18,open
1/1/19,open
2/1/19,open
3/1/19,open
4/1/19,open
5/1/19,open
6/1/19,open
7/1/19,open
8/1/19,open
9/1/19,open
10/1/19,open
11/1/19,open
12/1/19,open
13/1/19,open
14/1/19,open
15/1/19,open
16/1/19,open
17/1/19,open
18/1/19,open
19/1/19,open
20/1/19,open
21/1/19,open
22/1/19,open
23/1/19,open
24/1/19,open
25/1/19,open
26/1/19,open
27/1/19,open
28/1/19,open
29/1/19,open
30/1/19,open
31/1/19,open
1/2/19,open
2/2/19,open
3/2/19,open
4/2/19,open
5/2/19,open
6/2/19,open
7/2/19,open
8/2/19,open
9/2/19,open
10/2/19,open
11/2/19,open
12/2/19,open
13/2/19,open
14/2/19,open
15/2/19,open
16/2/19,open
17/2/19,open
18/2/19,open
19/2/19,open
20/2/19,open
21/2/19,open
22/2/19,open
23/2/19,open
24/2/19,open
25/2/19,open
26/2/19,open
27/2/19,open
28/2/19,open
1/3/19,open
2/3/19,open
3/3/19,open
4/3/19,open
5/3/19,open
6/3/19,open
7/3/19,open
8/3/19,open
9/3/19,open
10/3/19,open
11/3/19,open
12/3/19,open
13/3/19,open
14/3/19,open
15/3/19,open
16/3/19,open
17/3/19,open
18/3/19,open
19/3/19,open
20/3/19,open
21/3/19,open
22/3/19,open
23/3/19,open
24/3/19,open
25/3/19,open
26/3/19,open
27/3/19,open
28/3/19,open
29/3/19,open
30/3/19,open
31/3/19,open
1/4/19,open
2/4/19,open
3/4/19,open
4/4/19,open
5/4/19,open
6/4/19,open
7/4/19,open
8/4/19,open
9/4/19,open
10/4/19,open
11/4/19,open
12/4/19,open
13/4/19,open
14/4/19,open
15/4/19,open
16/4/19,open
17/4/19,open
18/4/19,open
19/4/19,open
20/4/19,open
21/4/19,open
22/4/19,open
23/4/19,open
24/4/19,open
25/4/19,open
26/4/19,open
27/4/19,open
28/4/19,open
29/4/19,open
30/4/19,open
1/5/19,open
2/5/19,open
3/5/19,open
4/5/19,open
5/5/19,open
6/5/19,open
7/5/19,open
8/5/19,open
9/5/19,open
10/5/19,open
11/5/19,open
12/5/19,open
13/5/19,open
14/5/19,open
15/5/19,open
16/5/19,open
17/5/19,open
18/5/19,open
19/5/19,open
20/5/19,open
21/5/19,open
22/5/19,open
23/5/19,open
24/5/19,open
25/5/19,open
26/5/19,open
27/5/19,open
28/5/19,open
29/5/19,open
30/5/19,open
31/5/19,open
1/6/19,open
2/6/19,open
3/6/19,open
4/6/19,open
5/6/19,open
6/6/19,open
7/6/19,open
8/6/19,open
9/6/19,open
10/6/19,open
11/6/19,open
12/6/19,open
13/6/19,open
14/6/19,open
15/6/19,open
16/6/19,open
17/6/19,open
18/6/19,open
19/6/19,open
20/6/19,open
21/6/19,open
22/6/19,open
23/6/19,open
24/6/19,open
25/6/19,open
26/6/19,open
27/6/19,open
28/6/19,open
29/6/19,open
30/6/19,open
1/7/19,open
2/7/19,open
3/7/19,open
4/7/19,open
5/7/19,open
6/7/19,open
7/7/19,open
8/7/19,open
9/7/19,open
10/7/19,open
11/7/19,open
12/7/19,open
13/7/19,open
14/7/19,open
15/7/19,open
16/7/19,open
17/7/19,open
18/7/19,open
19/7/19,open
20/7/19,open
21/7/19,open
22/7/19,open
23/7/19,open
24/7/19,open
25/7/19,open
26/7/19,open
27/7/19,open
28/7/19,open
29/7/19,open
30/7/19,open
31/7/19,open
1/8/19,open
2/8/19,open
3/8/19,open
4/8/19,open
5/8/19,open
6/8/19,open
7/8/19,open
8/8/19,open
9/8/19,open
10/8/19,open
11/8/19,open
12/8/19,open
13/8/19,open
14/8/19,open
15/8/19,open
16/8/19,open
17/8/19,open
18/8/19,open
19/8/19,open
20/8/19,open
21/8/19,open
22/8/19,open
23/8/19,open
24/8/19,open
25/8/19,open
26/8/19,open
27/8/19,open
28/8/19,open
29/8/19,open
30/8/19,open
31/8/19,open
1/9/19,open
2/9/19,open
3/9/19,open
4/9/19,open
5/9/19,open
6/9/19,open
7/9/19,open
8/9/19,open
9/9/19,open
10/9/19,open
11/9/19,open
12/9/19,open
13/9/19,open
14/9/19,open
15/9/19,open
16/9/19,open
17/9/19,open
18/9/19,open
19/9/19,open
20/9/19,open
21/9/19,open
22/9/19,open
23/9/19,open
24/9/19,open
25/9/19,open
26/9/19,open
27/9/19,open
28/9/19,open
29/9/19,open
30/9/19,open
1/10/19,open
2/10/19,open
3/10/19,open
4/10/19,open
5/10/19,open
6/10/19,open
7/10/19,open
8/10/19,open
9/10/19,open
10/10/19,open
11/10/19,open
12/10/19,open
13/10/19,open
14/10/19,open
15/10/19,open
16/10/19,open
17/10/19,open
18/10/19,open
19/10/19,open
20/10/19,open
21/10/19,open
22/10/19,open
23/10/19,open
24/10/19,open
25/10/19,closed
26/10/19,closed
27/10/19,closed
28/10/19,closed
29/10/19,closed
30/10/19,open
31/10/19,open
1/11/19,open
2/11/19,open
3/11/19,open
4/11/19,open
5/11/19,open
6/11/19,open
7/11/19,open
8/11/19,open
9/11/19,open
10/11/19,open
11/11/19,open
12/11/19,open
13/11/19,open
14/11/19,open
15/11/19,open
16/11/19,open
17/11/19,open
18/11/19,open
19/11/19,open
20/11/19,open
21/11/19,open
22/11/19,open
23/11/19,open
24/11/19,closed
25/11/19,closed
26/11/19,closed
27/11/19,closed
28/11/19,closed
29/11/19,open
30/11/19,open
1/12/19,open
2/12/19,open
3/12/19,open
4/12/19,open
5/12/19,open
6/12/19,open
7/12/19,open
8/12/19,open
9/12/19,open
10/12/19,open
11/12/19,open
12/12/19,open
13/12/19,open
14/12/19,open
15/12/19,open
16/12/19,open
17/12/19,open
18/12/19,open
19/12/19,open
20/12/19,open
21/12/19,open
22/12/19,open
23/12/19,open
24/12/19,open
25/12/19,open
26/12/19,open
27/12/19,open
28/12/19,open
29/12/19,open
30/12/19,open
31/12/19,open
1/1/20,open
2/1/20,open
3/1/20,open
4/1/20,open
5/1/20,open
6/1/20,open
7/1/20,open
8/1/20,open
9/1/20,open
10/1/20,open
11/1/20,open
12/1/20,open
13/1/20,open
14/1/20,open
15/1/20,open
16/1/20,open
17/1/20,open
18/1/20,open
19/1/20,open
20/1/20,open
21/1/20,open
22/1/20,open
23/1/20,open
24/1/20,open
25/1/20,open
26/1/20,open
27/1/20,open
28/1/20,open
29/1/20,open
30/1/20,open
31/1/20,open
1/2/20,open
2/2/20,open
3/2/20,open
4/2/20,open
5/2/20,open
6/2/20,open
7/2/20,open
8/2/20,open
9/2/20,open
10/2/20,open
11/2/20,open
12/2/20,open
13/2/20,open
14/2/20,open
15/2/20,open
16/2/20,open
17/2/20,open
18/2/20,open
19/2/20,open
20/2/20,open
21/2/20,open
22/2/20,open
23/2/20,open
24/2/20,open
25/2/20,open
26/2/20,open
27/2/20,open
28/2/20,open
29/2/20,open
1/3/20,open
2/3/20,open
3/3/20,open
4/3/20,open
5/3/20,open
6/3/20,open
7/3/20,open
8/3/20,open
9/3/20,open
10/3/20,open
11/3/20,open
12/3/20,open
13/3/20,open
14/3/20,open
15/3/20,open
16/3/20,open
17/3/20,open
18/3/20,open
19/3/20,open
20/3/20,open
21/3/20,open
22/3/20,open
23/3/20,open
24/3/20,open
25/3/20,open
26/3/20,open
27/3/20,open
28/3/20,open
29/3/20,open
30/3/20,open
31/3/20,open
1/4/20,open
2/4/20,open
3/4/20,open
4/4/20,open
5/4/20,open
6/4/20,open
7/4/20,open
8/4/20,open
9/4/20,open
10/4/20,open
11/4/20,open
12/4/20,open
13/4/20,open
14/4/20,open
15/4/20,open
16/4/20,open
17/4/20,open
18/4/20,open
19/4/20,open
20/4/20,open
21/4/20,open
22/4/20,open
23/4/20,open
24/4/20,open
25/4/20,open
26/4/20,open
27/4/20,open
28/4/20,open
29/4/20,open
30/4/20,open
1/5/20,open
2/5/20,open
3/5/20,open
4/5/20,open
5/5/20,open
6/5/20,open
7/5/20,open
8/5/20,open
9/5/20,open
10/5/20,open
11/5/20,open
12/5/20,open
13/5/20,open
14/5/20,open
15/5/20,open
16/5/20,open
17/5/20,open
18/5/20,open
19/5/20,open
20/5/20,open
21/5/20,open
22/5/20,open
23/5/20,open
24/5/20,open
25/5/20,open
26/5/20,open
27/5/20,open
28/5/20,open
29/5/20,open
30/5/20,open
31/5/20,open
1/6/20,open
2/6/20,open
3/6/20,open
4/6/20,open
5/6/20,open
6/6/20,open
7/6/20,open
8/6/20,open
9/6/20,open
10/6/20,open
11/6/20,open
12/6/20,open
13/6/20,open
14/6/20,open
15/6/20,open
16/6/20,open
17/6/20,open
18/6/20,open
19/6/20,open
20/6/20,open
21/6/20,open
22/6/20,open
23/6/20,open
24/6/20,open
25/6/20,open
26/6/20,open
27/6/20,open
28/6/20,open
29/6/20,open
30/6/20,open
1/7/20,open
2/7/20,open
3/7/20,open
4/7/20,open
5/7/20,open
6/7/20,open
7/7/20,open
8/7/20,open
9/7/20,open
10/7/20,open
11/7/20,open
12/7/20,open
13/7/20,open
14/7/20,open
15/7/20,open
16/7/20,open
17/7/20,open
18/7/20,open
19/7/20,open
20/7/20,open
21/7/20,open
22/7/20,open
23/7/20,open
24/7/20,open
25/7/20,open
26/7/20,open
27/7/20,open
28/7/20,open
29/7/20,open
30/7/20,open
31/7/20,open
1/8/20,open
2/8/20,open
3/8/20,open
4/8/20,open
5/8/20,open
6/8/20,open
7/8/20,open
8/8/20,open
9/8/20,open
10/8/20,open
11/8/20,open
12/8/20,open
13/8/20,open
14/8/20,open
15/8/20,open
16/8/20,open
17/8/20,open
18/8/20,open
19/8/20,open
20/8/20,open
21/8/20,open
22/8/20,open
23/8/20,open
24/8/20,open
25/8/20,open
26/8/20,open
27/8/20,open
28/8/20,open
29/8/20,open
30/8/20,open
31/8/20,open
1/9/20,open
2/9/20,open
3/9/20,open
4/9/20,open
5/9/20,open
6/9/20,open
7/9/20,open
8/9/20,open
9/9/20,open
10/9/20,open
11/9/20,open
12/9/20,open
13/9/20,open
14/9/20,open
15/9/20,open
16/9/20,open
17/9/20,open
18/9/20,open
19/9/20,open
20/9/20,open
21/9/20,open
22/9/20,open
23/9/20,open
24/9/20,open
25/9/20,open
26/9/20,open
27/9/20,open
28/9/20,open
29/9/20,open
30/9/20,open
1/10/20,open
2/10/20,open
3/10/20,open
4/10/20,open
5/10/20,open
6/10/20,open
7/10/20,open
8/10/20,open
9/10/20,open
10/10/20,open
11/10/20,open
12/10/20,open
13/10/20,open
14/10/20,closed
15/10/20,closed
16/10/20,closed
17/10/20,closed
18/10/20,closed
19/10/20,open
20/10/20,open
21/10/20,open
22/10/20,open
23/10/20,open
24/10/20,open
25/10/20,open
26/10/20,open
27/10/20,open
28/10/20,open
29/10/20,open
30/10/20,open
31/10/20,open
1/11/20,open
2/11/20,open
3/11/20,open
4/11/20,open
5/11/20,open
6/11/20,open
7/11/20,open
8/11/20,open
9/11/20,open
10/11/20,open
11/11/20,open
12/11/20,closed
13/11/20,closed
14/11/20,closed
15/11/20,closed
16/11/20,closed
17/11/20,open
18/11/20,open
19/11/20,open
20/11/20,open
21/11/20,open
22/11/20,open
23/11/20,open
24/11/20,open
25/11/20,open
26/11/20,open
27/11/20,open
28/11/20,open
29/11/20,open
30/11/20,open
1/12/20,open
2/12/20,open
3/12/20,open
4/12/20,open
5/12/20,open
6/12/20,open
7/12/20,open
8/12/20,open
9/12/20,open
10/12/20,open
11/12/20,open
12/12/20,open
13/12/20,open
14/12/20,open
15/12/20,open
16/12/20,open
17/12/20,open
18/12/20,open
19/12/20,open
20/12/20,open
21/12/20,open
22/12/20,open
23/12/20,open
24/12/20,open
25/12/20,open
26/12/20,open
27/12/20,open
28/12/20,open
29/12/20,open
30/12/20,open
31/12/20,open
1/1/21,open
2/1/21,open
3/1/21,open
4/1/21,open
5/1/21,open
6/1/21,open
7/1/21,open
8/1/21,open
9/1/21,open
10/1/21,open
11/1/21,open
12/1/21,open
13/1/21,open
14/1/21,open
15/1/21,open
16/1/21,open
17/1/21,open
18/1/21,open
19/1/21,open
20/1/21,open
21/1/21,open
22/1/21,open
23/1/21,open
24/1/21,open
25/1/21,open
26/1/21,open
27/1/21,open
28/1/21,open
29/1/21,open
30/1/21,open
31/1/21,open
1/2/21,open
2/2/21,open
3/2/21,open
4/2/21,open
5/2/21,open
6/2/21,open
7/2/21,open
8/2/21,open
9/2/21,open
10/2/21,open
11/2/21,open
12/2/21,open
13/2/21,open
14/2/21,open
15/2/21,open
16/2/21,open
17/2/21,open
18/2/21,open
19/2/21,open
20/2/21,open
21/2/21,open
22/2/21,open
23/2/21,open
24/2/21,open
25/2/21,open
26/2/21,open
27/2/21,open
28/2/21,open
1/3/21,open
2/3/21,open
3/3/21,open
4/3/21,open
5/3/21,open
6/3/21,open
7/3/21,open
8/3/21,open
9/3/21,open
10/3/21,open
11/3/21,open
12/3/21,open
13/3/21,open
14/3/21,open
15/3/21,open
16/3/21,open
17/3/21,open
18/3/21,open
19/3/21,open
20/3/21,open
21/3/21,open
22/3/21,open
23/3/21,open
24/3/21,open
25/3/21,open
26/3/21,open
27/3/21,open
28/3/21,open
29/3/21,open
30/3/21,open
31/3/21,open
1/4/21,open
2/4/21,open
3/4/21,open
4/4/21,open
5/4/21,open
6/4/21,open
7/4/21,open
8/4/21,open
9/4/21,open
10/4/21,open
11/4/21,open
12/4/21,open
13/4/21,open
14/4/21,open
15/4/21,open
16/4/21,open
17/4/21,open
18/4/21,open
19/4/21,open
20/4/21,open
21/4/21,open
22/4/21,open
23/4/21,open
24/4/21,open
25/4/21,open
26/4/21,open
27/4/21,open
28/4/21,open
29/4/21,open
30/4/21,open
1/5/21,open
2/5/21,open
3/5/21,open
4/5/21,open
5/5/21,open
6/5/21,open
7/5/21,open
8/5/21,open
9/5/21,open
10/5/21,open
11/5/21,open
12/5/21,open
13/5/21,open
14/5/21,open
15/5/21,open
16/5/21,open
17/5/21,open
18/5/21,open
19/5/21,open
20/5/21,open
21/5/21,open
22/5/21,open
23/5/21,open
24/5/21,open
25/5/21,open
26/5/21,open
27/5/21,open
28/5/21,open
29/5/21,open
30/5/21,open
31/5/21,open
1/6/21,open
2/6/21,open
3/6/21,open
4/6/21,open
5/6/21,open
6/6/21,open
7/6/21,open
8/6/21,open
9/6/21,open
10/6/21,open
11/6/21,open
12/6/21,open
13/6/21,open
14/6/21,open
15/6/21,open
16/6/21,open
17/6/21,open
18/6/21,open
19/6/21,open
20/6/21,open
21/6/21,open
22/6/21,open
23/6/21,open
24/6/21,open
25/6/21,open
26/6/21,open
27/6/21,open
28/6/21,open
29/6/21,open
30/6/21,open
1/7/21,open
2/7/21,open
3/7/21,open
4/7/21,open
5/7/21,open
6/7/21,open
7/7/21,open
8/7/21,open
9/7/21,open
10/7/21,open
11/7/21,open
12/7/21,open
13/7/21,open
14/7/21,open
15/7/21,open
16/7/21,open
17/7/21,open
18/7/21,open
19/7/21,open
20/7/21,open
21/7/21,open
22/7/21,open
23/7/21,open
24/7/21,open
25/7/21,open
26/7/21,open
27/7/21,open
28/7/21,open
29/7/21,open
30/7/21,open
31/7/21,open
1/8/21,open
2/8/21,open
3/8/21,open
4/8/21,open
5/8/21,open
6/8/21,open
7/8/21,open
8/8/21,open
9/8/21,open
10/8/21,open
11/8/21,open
12/8/21,open
13/8/21,open
14/8/21,open
15/8/21,open
16/8/21,open
17/8/21,open
18/8/21,open
19/8/21,open
20/8/21,open
21/8/21,open
22/8/21,open
23/8/21,open
24/8/21,open
25/8/21,open
26/8/21,open
27/8/21,open
28/8/21,open
29/8/21,open
30/8/21,open
31/8/21,open
1/9/21,open
2/9/21,open
3/9/21,open
4/9/21,open
5/9/21,open
6/9/21,open
7/9/21,open
8/9/21,open
9/9/21,open
10/9/21,open
11/9/21,open
12/9/21,open
13/9/21,open
14/9/21,open
15/9/21,open
16/9/21,open
17/9/21,open
18/9/21,open
19/9/21,open
20/9/21,open
21/9/21,open
22/9/21,open
23/9/21,open
24/9/21,open
25/9/21,open
26/9/21,open
27/9/21,open
28/9/21,open
29/9/21,open
30/9/21,open
1/10/21,open
2/10/21,open
3/10/21,closed
4/10/21,closed
5/10/21,closed
6/10/21,closed
7/10/21,closed
8/10/21,open
9/10/21,open
10/10/21,open
11/10/21,open
12/10/21,open
13/10/21,open
14/10/21,open
15/10/21,open
16/10/21,open
17/10/21,open
18/10/21,open
19/10/21,open
20/10/21,open
21/10/21,open
22/10/21,open
23/10/21,open
24/10/21,open
25/10/21,open
26/10/21,open
27/10/21,open
28/10/21,open
29/10/21,open
30/10/21,open
31/10/21,open
1/11/21,open
2/11/21,closed
3/11/21,closed
4/11/21,closed
5/11/21,closed
6/11/21,closed
7/11/21,open
8/11/21,open
9/11/21,open
10/11/21,open
11/11/21,open
12/11/21,open
13/11/21,open
14/11/21,open
15/11/21,open
16/11/21,open
17/11/21,open
18/11/21,open
19/11/21,open
20/11/21,open
21/11/21,open
22/11/21,open
23/11/21,open
24/11/21,open
25/11/21,open
26/11/21,open
27/11/21,open
28/11/21,open
29/11/21,open
30/11/21,open
1/12/21,open
2/12/21,open
3/12/21,open
4/12/21,open
5/12/21,open
6/12/21,open
7/12/21,open
8/12/21,open
9/12/21,open
10/12/21,open
11/12/21,open
12/12/21,open
13/12/21,open
14/12/21,open
15/12/21,open
16/12/21,open
17/12/21,open
18/12/21,open
19/12/21,open
20/12/21,open
21/12/21,open
22/12/21,open
23/12/21,open
24/12/21,open
25/12/21,open
26/12/21,open
27/12/21,open
28/12/21,open
29/12/21,open
30/12/21,open
31/12/21,open
1/1/22,open
2/1/22,open
3/1/22,open
4/1/22,open
5/1/22,open
6/1/22,open
7/1/22,open
8/1/22,open
9/1/22,open
10/1/22,open
11/1/22,open
12/1/22,open
13/1/22,open
14/1/22,open
15/1/22,open
16/1/22,open
17/1/22,open
18/1/22,open
19/1/22,open
20/1/22,open
21/1/22,open
22/1/22,open
23/1/22,open
24/1/22,open
25/1/22,open
26/1/22,open
27/1/22,open
28/1/22,open
29/1/22,open
30/1/22,open
31/1/22,open
1/2/22,open
2/2/22,open
3/2/22,open
4/2/22,open
5/2/22,open
6/2/22,open
7/2/22,open
8/2/22,open
9/2/22,open
10/2/22,open
11/2/22,open
12/2/22,open
13/2/22,open
14/2/22,open
15/2/22,open
16/2/22,open
17/2/22,open
18/2/22,open
19/2/22,open
20/2/22,open
21/2/22,open
22/2/22,open
23/2/22,open
24/2/22,open
25/2/22,open
26/2/22,open
27/2/22,open
28/2/22,open
1/3/22,open
2/3/22,open
3/3/22,open
4/3/22,open
5/3/22,open
6/3/22,open
7/3/22,open
8/3/22,open
9/3/22,open
10/3/22,open
11/3/22,open
12/3/22,open
13/3/22,open
14/3/22,open
15/3/22,open
16/3/22,open
17/3/22,open
18/3/22,open
19/3/22,open
20/3/22,open
21/3/22,open
22/3/22,open
23/3/22,open
24/3/22,open
25/3/22,open
26/3/22,open
27/3/22,open
28/3/22,open
29/3/22,open
30/3/22,open
31/3/22,open
1/4/22,open
2/4/22,open
3/4/22,open
4/4/22,open
5/4/22,open
6/4/22,open
7/4/22,open
8/4/22,open
9/4/22,open
10/4/22,open
11/4/22,open
12/4/22,open
13/4/22,open
14/4/22,open
15/4/22,open
16/4/22,open
17/4/22,open
18/4/22,open
19/4/22,open
20/4/22,open
21/4/22,open
22/4/22,open
23/4/22,open
24/4/22,open
25/4/22,open
26/4/22,open
27/4/22,open
28/4/22,open
29/4/22,open
30/4/22,open
1/5/22,open
2/5/22,open
3/5/22,open
4/5/22,open
5/5/22,open
6/5/22,open
7/5/22,open
8/5/22,open
9/5/22,open
10/5/22,open
11/5/22,open
12/5/22,open
13/5/22,open
14/5/22,open
15/5/22,open
16/5/22,open
17/5/22,open
18/5/22,open
19/5/22,open
20/5/22,open
21/5/22,open
22/5/22,open
23/5/22,open
24/5/22,open
25/5/22,open
26/5/22,open
27/5/22,open
28/5/22,open
29/5/22,open
30/5/22,open
31/5/22,open
1/6/22,open
2/6/22,open
3/6/22,open
4/6/22,open
5/6/22,open
6/6/22,open
7/6/22,open
8/6/22,open
9/6/22,open
10/6/22,open
11/6/22,open
12/6/22,open
13/6/22,open
14/6/22,open
15/6/22,open
16/6/22,open
17/6/22,open
18/6/22,open
19/6/22,open
20/6/22,open
21/6/22,open
22/6/22,open
23/6/22,open
24/6/22,open
25/6/22,open
26/6/22,open
27/6/22,open
28/6/22,open
29/6/22,open
30/6/22,open
1/7/22,open
2/7/22,open
3/7/22,open
4/7/22,open
5/7/22,open
6/7/22,open
7/7/22,open
8/7/22,open
9/7/22,open
10/7/22,open
11/7/22,open
12/7/22,open
13/7/22,open
14/7/22,open
15/7/22,open
16/7/22,open
17/7/22,open
18/7/22,open
19/7/22,open
20/7/22,open
21/7/22,open
22/7/22,open
23/7/22,open
24/7/22,open
25/7/22,open
26/7/22,open
27/7/22,open
28/7/22,open
29/7/22,open
30/7/22,open
31/7/22,open
1/8/22,open
2/8/22,open
3/8/22,open
4/8/22,open
5/8/22,open
6/8/22,open
7/8/22,open
8/8/22,open
9/8/22,open
10/8/22,open
11/8/22,open
12/8/22,open
13/8/22,open
14/8/22,open
15/8/22,open
16/8/22,open
17/8/22,open
18/8/22,open
19/8/22,open
20/8/22,open
21/8/22,open
22/8/22,open
23/8/22,open
24/8/22,open
25/8/22,open
26/8/22,open
27/8/22,open
28/8/22,open
29/8/22,open
30/8/22,open
31/8/22,open
1/9/22,open
2/9/22,open
3/9/22,open
4/9/22,open
5/9/22,open
6/9/22,open
7/9/22,open
8/9/22,open
9/9/22,open
10/9/22,open
11/9/22,open
12/9/22,open
13/9/22,open
14/9/22,open
15/9/22,open
16/9/22,open
17/9/22,open
18/9/22,open
19/9/22,open
20/9/22,open
21/9/22,open
22/9/22,open
23/9/22,open
24/9/22,open
25/9/22,open
26/9/22,open
27/9/22,open
28/9/22,open
29/9/22,open
30/9/22,open
1/10/22,open
2/10/22,open
3/10/22,open
4/10/22,open
5/10/22,open
6/10/22,open
7/10/22,open
8/10/22,open
9/10/22,open
10/10/22,open
11/10/22,open
12/10/22,open
13/10/22,open
14/10/22,open
15/10/22,open
16/10/22,open
17/10/22,open
18/10/22,open
19/10/22,open
20/10/22,open
21/10/22,open
22/10/22,closed
23/10/22,closed
24/10/22,closed
25/10/22,closed
26/10/22,closed
27/10/22,open
28/10/22,open
29/10/22,open
30/10/22,open
31/10/22,open
1/11/22,open
2/11/22,open
3/11/22,open
4/11/22,open
5/11/22,open
6/11/22,open
7/11/22,open
8/11/22,open
9/11/22,open
10/11/22,open
11/11/22,open
12/11/22,open
13/11/22,open
14/11/22,open
15/11/22,open
16/11/22,open
17/11/22,open
18/11/22,open
19/11/22,open
20/11/22,open
21/11/22,closed
22/11/22,closed
23/11/22,closed
24/11/22,closed
25/11/22,closed
26/11/22,open
27/11/22,open
28/11/22,open
29/11/22,open
30/11/22,open
1/12/22,open
2/12/22,open
3/12/22,open
4/12/22,open
5/12/22,open
6/12/22,open
7/12/22,open
8/12/22,open
9/12/22,open
10/12/22,open
11/12/22,open
12/12/22,open
13/12/22,open
14/12/22,open
15/12/22,open
16/12/22,open
17/12/22,open
18/12/22,open
19/12/22,open
20/12/22,open
21/12/22,open
22/12/22,open
23/12/22,open
24/12/22,open
25/12/22,open
26/12/22,open
27/12/22,open
28/12/22,open
29/12/22,open
30/12/22,open
31/12/22,open
1/1/23,open
2/1/23,open
3/1/23,open
4/1/23,open
5/1/23,open
6/1/23,open
7/1/23,open
8/1/23,open
9/1/23,open
10/1/23,open
11/1/23,open
12/1/23,open
13/1/23,open
14/1/23,open
15/1/23,open
16/1/23,open
17/1/23,open
18/1/23,open
19/1/23,open
20/1/23,open
21/1/23,open
22/1/23,open
23/1/23,open
24/1/23,open
25/1/23,open
26/1/23,open
27/1/23,open
28/1/23,open
29/1/23,open
30/1/23,open
31/1/23,open
1/2/23,open
2/2/23,open
3/2/23,open
4/2/23,open
5/2/23,open
6/2/23,open
7/2/23,open
8/2/23,open
9/2/23,open
10/2/23,open
11/2/23,open
12/2/23,open
13/2/23,open
14/2/23,open
15/2/23,open
16/2/23,open
17/2/23,open
18/2/23,open
19/2/23,open
20/2/23,open
21/2/23,open
22/2/23,open
23/2/23,open
24/2/23,open
25/2/23,open
26/2/23,open
27/2/23,open
28/2/23,open
1/3/23,open
2/3/23,open
3/3/23,open
4/3/23,open
5/3/23,open
6/3/23,open
7/3/23,open
8/3/23,open
9/3/23,open
10/3/23,open
11/3/23,open
12/3/23,open
13/3/23,open
14/3/23,open
15/3/23,open
16/3/23,open
17/3/23,open
18/3/23,open
19/3/23,open
20/3/23,open
21/3/23,open
22/3/23,open
23/3/23,open
24/3/23,open
25/3/23,open
26/3/23,open
27/3/23,open
28/3/23,open
29/3/23,open
30/3/23,open
31/3/23,open
1/4/23,open
2/4/23,open
3/4/23,open
4/4/23,open
5/4/23,open
6/4/23,open
7/4/23,open
8/4/23,open
9/4/23,open
10/4/23,open
11/4/23,open
12/4/23,open
13/4/23,open
14/4/23,open
15/4/23,open
16/4/23,open
17/4/23,open
18/4/23,open
19/4/23,open
20/4/23,open
21/4/23,open
22/4/23,open
23/4/23,open
24/4/23,open
25/4/23,open
26/4/23,open
27/4/23,open
28/4/23,open
29/4/23,open
30/4/23,open
1/5/23,open
2/5/23,open
3/5/23,open
4/5/23,open
5/5/23,open
6/5/23,open
7/5/23,open
8/5/23,open
9/5/23,open
10/5/23,open
11/5/23,open
12/5/23,open
13/5/23,open
14/5/23,open
15/5/23,open
16/5/23,open
17/5/23,open
18/5/23,open
19/5/23,open
20/5/23,open
21/5/23,open
22/5/23,open
23/5/23,open
24/5/23,open
25/5/23,open
26/5/23,open
27/5/23,open
28/5/23,open
29/5/23,open
30/5/23,open
31/5/23,open
1/6/23,open
2/6/23,open
3/6/23,open
4/6/23,open
5/6/23,open
6/6/23,open
7/6/23,open
8/6/23,open
9/6/23,open
10/6/23,open
11/6/23,open
12/6/23,open
13/6/23,open
14/6/23,open
15/6/23,open
16/6/23,open
17/6/23,open
18/6/23,open
19/6/23,open
20/6/23,open
21/6/23,open
22/6/23,open
23/6/23,open
24/6/23,open
25/6/23,open
26/6/23,open
27/6/23,open
28/6/23,open
29/6/23,open
30/6/23,open
1/7/23,open
2/7/23,open
3/7/23,open
4/7/23,open
5/7/23,open
6/7/23,open
7/7/23,open
8/7/23,open
9/7/23,open
10/7/23,open
11/7/23,open
12/7/23,open
13/7/23,open
14/7/23,open
15/7/23,open
16/7/23,open
17/7/23,open
18/7/23,open
19/7/23,open
20/7/23,open
21/7/23,open
22/7/23,open
23/7/23,open
24/7/23,open
25/7/23,open
26/7/23,open
27/7/23,open
28/7/23,open
29/7/23,open
30/7/23,open
31/7/23,open
1/8/23,open
2/8/23,open
3/8/23,open
4/8/23,open
5/8/23,open
6/8/23,open
7/8/23,open
8/8/23,open
9/8/23,open
10/8/23,open
11/8/23,open
12/8/23,open
13/8/23,open
14/8/23,open
15/8/23,open
16/8/23,open
17/8/23,open
18/8/23,open
19/8/23,open
20/8/23,open
21/8/23,open
22/8/23,open
23/8/23,open
24/8/23,open
25/8/23,open
26/8/23,open
27/8/23,open
28/8/23,open
29/8/23,open
30/8/23,open
31/8/23,open
1/9/23,open
2/9/23,open
3/9/23,open
4/9/23,open
5/9/23,open
6/9/23,open
7/9/23,open
8/9/23,open
9/9/23,open
10/9/23,open
11/9/23,open
12/9/23,open
13/9/23,open
14/9/23,open
15/9/23,open
16/9/23,open
17/9/23,open
18/9/23,open
19/9/23,open
20/9/23,open
21/9/23,open
22/9/23,open
23/9/23,open
24/9/23,open
25/9/23,open
26/9/23,open
27/9/23,open
28/9/23,open
29/9/23,open
30/9/23,open
1/10/23,open
2/10/23,open
3/10/23,open
4/10/23,open
5/10/23,open
6/10/23,open
7/10/23,open
8/10/23,open
9/10/23,open
10/10/23,open
11/10/23,open
12/10/23,closed
13/10/23,closed
14/10/23,closed
15/10/23,closed
16/10/23,closed
17/10/23,open
18/10/23,open
19/10/23,open
20/10/23,open
21/10/23,open
22/10/23,open
23/10/23,open
24/10/23,open
25/10/23,open
26/10/23,open
27/10/23,open
28/10/23,open
29/10/23,open
30/10/23,open
31/10/23,open
1/11/23,open
2/11/23,open
3/11/23,open
4/11/23,open
5/11/23,open
6/11/23,open
7/11/23,open
8/11/23,open
9/11/23,open
10/11/23,closed
11/11/23,closed
12/11/23,closed
13/11/23,closed
14/11/23,closed
15/11/23,open
16/11/23,open
17/11/23,open
18/11/23,open
19/11/23,open
20/11/23,open
21/11/23,open
22/11/23,open
23/11/23,open
24/11/23,open
25/11/23,open
26/11/23,open
27/11/23,open
28/11/23,open
29/11/23,open
30/11/23,open
1/12/23,open
2/12/23,open
3/12/23,open
4/12/23,open
5/12/23,open
6/12/23,open
7/12/23,open
8/12/23,open
9/12/23,open
10/12/23,open
11/12/23,open
12/12/23,open
13/12/23,open
14/12/23,open
15/12/23,open
16/12/23,open
17/12/23,open
18/12/23,open
19/12/23,open
20/12/23,open
21/12/23,open
22/12/23,open
23/12/23,open
24/12/23,open
25/12/23,open
26/12/23,open
27/12/23,open
28/12/23,open
29/12/23,open
30/12/23,open
31/12/23,open